00:00.098  translation      | WARNING 'locale' data path for translations not found
00:00.602  blend            | Read blend: "/home/ricardo/cvg-his-v4/docs/frontend/assets/source/cvg-pulse-orbit.blend"
00:00.619  render           | Rendering animation (frames 1..72)
00:00.619  render           | Rendering frame 1
00:00.619  render           | Start rendering: Scene, ViewLayer
00:00.619  render           | Engine: Cycles
00:00.623  render           | Fra: 1 | Mem: 0M | Synchronizing object | Orbita principal
Blender 5.2.0 LTS (hash fbe6228777e7 built 2026-07-14 01:32:04)
00:00.623  render           | Fra: 1 | Mem: 0M | Synchronizing object | Plane
00:00.623  render           | Fra: 1 | Mem: 0M | Synchronizing object | Cyan
00:00.623  render           | Fra: 1 | Mem: 0M | Synchronizing object | Key
00:00.624  render           | Fra: 1 | Mem: 0M | Initializing
00:00.624  render           | Fra: 1 | Mem: 0M | Waiting for render to start
00:00.624  render           | Fra: 1 | Mem: 0M | Updating Scene
00:00.624  render           | Fra: 1 | Mem: 0M | Updating Shaders
00:00.624  render           | Fra: 1 | Mem: 0M | Loading render kernels (may take a few minutes the first time)
00:00.624  render           | Fra: 1 | Mem: 1M | Updating Procedurals
00:00.624  render           | Fra: 1 | Mem: 1M | Updating Background
00:00.624  render           | Fra: 1 | Mem: 1M | Updating Scene Attribute
00:00.624  render           | Fra: 1 | Mem: 1M | Updating Camera
00:00.624  render           | Fra: 1 | Mem: 1M | Updating Meshes Flags
00:00.624  render           | Fra: 1 | Mem: 1M | Updating Objects
00:00.624  render           | Fra: 1 | Mem: 1M | Updating Objects | Copying Transformations to device
00:00.624  render           | Fra: 1 | Mem: 1M | Updating Particle Systems
00:00.624  render           | Fra: 1 | Mem: 1M | Updating Particle Systems | Copying Particles to device
00:00.624  render           | Fra: 1 | Mem: 1M | Updating Meshes
00:00.624  render           | Fra: 1 | Mem: 1M | Updating Objects | Applying Static Transformations
00:00.625  render           | Fra: 1 | Mem: 1M | Updating Scene BVH | Building
00:00.625  render           | Fra: 1 | Mem: 1M | Updating Scene BVH | Building BVH
00:00.625  render           | Fra: 1 | Mem: 1M | Updating Scene BVH | Building BVH 0%
00:00.628  render           | Fra: 1 | Mem: 1M | Updating Scene BVH | Copying BVH to device
00:00.628  render           | Fra: 1 | Mem: 1M | Updating Mesh | Computing attributes
00:00.629  render           | Fra: 1 | Mem: 1M | Updating Mesh | Copying Attributes to device
00:00.629  render           | Fra: 1 | Mem: 2M | Updating Mesh | Computing normals
00:00.629  render           | Fra: 1 | Mem: 2M | Updating Mesh | Copying Mesh to device
00:00.629  render           | Fra: 1 | Mem: 2M | Updating Objects Flags
00:00.629  render           | Fra: 1 | Mem: 2M | Updating Primitive Offsets
00:00.629  render           | Fra: 1 | Mem: 2M | Updating Images
00:00.629  render           | Fra: 1 | Mem: 2M | Updating Volume
00:00.629  render           | Fra: 1 | Mem: 2M | Updating Camera Volume
00:00.629  render           | Fra: 1 | Mem: 2M | Updating Lookup Tables
00:00.629  render           | Fra: 1 | Mem: 2M | Updating Lights
00:00.629  render           | Fra: 1 | Mem: 2M | Updating Lights | Computing tree
00:00.629  render           | Fra: 1 | Mem: 2M | Updating Integrator
00:00.629  render           | Fra: 1 | Mem: 2M | Updating Film
00:00.629  render           | Fra: 1 | Mem: 2M | Updating Lookup Tables
00:00.629  render           | Fra: 1 | Mem: 2M | Updating Baking
00:00.629  render           | Fra: 1 | Mem: 2M | Updating Device | Writing constant memory
00:00.629  render           | Fra: 1 | Mem: 2M | Loading denoising kernels (may take a few minutes the first time)
00:00.629  render           | Fra: 1 | Mem: 2M | Sample 0/12
00:00.845  render           | Fra: 1 | Remaining: 00:02.38 | Mem: 26M | Sample 1/12
00:06.211  render           | Fra: 1 | Mem: 26M | Sample 12/12
00:06.211  render           | Fra: 1 | Mem: 26M | Finished
00:06.515  render           | Saved: '/home/ricardo/cvg-his-v4/docs/frontend/assets/video/frames/pulse-0001.png'
00:06.516  render           | Time: 00:05.89 (Saving: 00:00.27)
00:06.516  render           | Rendering frame 2
00:06.516  render           | Start rendering: Scene, ViewLayer
00:06.516  render           | Engine: Cycles
00:06.520  render           | Fra: 2 | Mem: 0M | Synchronizing object | Orbita principal
00:06.520  render           | Fra: 2 | Mem: 0M | Synchronizing object | Key
00:06.520  render           | Fra: 2 | Mem: 0M | Synchronizing object | Plane
00:06.520  render           | Fra: 2 | Mem: 0M | Synchronizing object | Detalhe champagne
00:06.520  render           | Fra: 2 | Mem: 0M | Synchronizing object | Arco mineral
00:06.521  render           | Fra: 2 | Mem: 0M | Initializing
00:06.521  render           | Fra: 2 | Mem: 0M | Waiting for render to start
00:06.521  render           | Fra: 2 | Mem: 0M | Updating Scene
00:06.521  render           | Fra: 2 | Mem: 0M | Updating Shaders
00:06.521  render           | Fra: 2 | Mem: 0M | Loading render kernels (may take a few minutes the first time)
00:06.521  render           | Fra: 2 | Mem: 1M | Updating Procedurals
00:06.521  render           | Fra: 2 | Mem: 1M | Updating Background
00:06.521  render           | Fra: 2 | Mem: 1M | Updating Scene Attribute
00:06.521  render           | Fra: 2 | Mem: 1M | Updating Camera
00:06.521  render           | Fra: 2 | Mem: 1M | Updating Meshes Flags
00:06.521  render           | Fra: 2 | Mem: 1M | Updating Objects
00:06.521  render           | Fra: 2 | Mem: 1M | Updating Objects | Copying Transformations to device
00:06.521  render           | Fra: 2 | Mem: 1M | Updating Particle Systems
00:06.521  render           | Fra: 2 | Mem: 1M | Updating Particle Systems | Copying Particles to device
00:06.521  render           | Fra: 2 | Mem: 1M | Updating Meshes
00:06.521  render           | Fra: 2 | Mem: 1M | Updating Objects | Applying Static Transformations
00:06.522  render           | Fra: 2 | Mem: 1M | Updating Scene BVH | Building
00:06.522  render           | Fra: 2 | Mem: 1M | Updating Scene BVH | Building BVH
00:06.522  render           | Fra: 2 | Mem: 1M | Updating Scene BVH | Building BVH 0%
00:06.525  render           | Fra: 2 | Mem: 1M | Updating Scene BVH | Copying BVH to device
00:06.525  render           | Fra: 2 | Mem: 1M | Updating Mesh | Computing attributes
00:06.525  render           | Fra: 2 | Mem: 1M | Updating Mesh | Copying Attributes to device
00:06.525  render           | Fra: 2 | Mem: 2M | Updating Mesh | Computing normals
00:06.525  render           | Fra: 2 | Mem: 2M | Updating Mesh | Copying Mesh to device
00:06.525  render           | Fra: 2 | Mem: 2M | Updating Objects Flags
00:06.525  render           | Fra: 2 | Mem: 2M | Updating Primitive Offsets
00:06.525  render           | Fra: 2 | Mem: 2M | Updating Images
00:06.525  render           | Fra: 2 | Mem: 2M | Updating Volume
00:06.525  render           | Fra: 2 | Mem: 2M | Updating Camera Volume
00:06.525  render           | Fra: 2 | Mem: 2M | Updating Lookup Tables
00:06.525  render           | Fra: 2 | Mem: 2M | Updating Lights
00:06.525  render           | Fra: 2 | Mem: 2M | Updating Lights | Computing tree
00:06.525  render           | Fra: 2 | Mem: 2M | Updating Integrator
00:06.525  render           | Fra: 2 | Mem: 2M | Updating Film
00:06.525  render           | Fra: 2 | Mem: 2M | Updating Lookup Tables
00:06.525  render           | Fra: 2 | Mem: 2M | Updating Baking
00:06.525  render           | Fra: 2 | Mem: 2M | Updating Device | Writing constant memory
00:06.525  render           | Fra: 2 | Mem: 2M | Loading denoising kernels (may take a few minutes the first time)
00:06.525  render           | Fra: 2 | Mem: 2M | Sample 0/12
00:06.924  render           | Fra: 2 | Remaining: 00:04.38 | Mem: 26M | Sample 1/12
00:13.412  render           | Fra: 2 | Mem: 26M | Sample 12/12
00:13.412  render           | Fra: 2 | Mem: 26M | Finished
00:13.502  render           | Saved: '/home/ricardo/cvg-his-v4/docs/frontend/assets/video/frames/pulse-0002.png'
00:13.502  render           | Time: 00:06.98 (Saving: 00:00.03)
00:13.502  render           | Rendering frame 3
00:13.503  render           | Start rendering: Scene, ViewLayer
00:13.503  render           | Engine: Cycles
00:13.509  render           | Fra: 3 | Mem: 0M | Synchronizing object | Cyan
00:13.509  render           | Fra: 3 | Mem: 0M | Synchronizing object | Key
00:13.509  render           | Fra: 3 | Mem: 0M | Synchronizing object | Plane
00:13.511  render           | Fra: 3 | Mem: 0M | Synchronizing object | Detalhe champagne
00:13.511  render           | Fra: 3 | Mem: 0M | Synchronizing object | Arco mineral
00:13.511  render           | Fra: 3 | Mem: 0M | Synchronizing object | Orbita principal
00:13.511  render           | Fra: 3 | Mem: 0M | Initializing
00:13.512  render           | Fra: 3 | Mem: 0M | Waiting for render to start
00:13.512  render           | Fra: 3 | Mem: 0M | Updating Scene
00:13.512  render           | Fra: 3 | Mem: 0M | Updating Shaders
00:13.512  render           | Fra: 3 | Mem: 0M | Loading render kernels (may take a few minutes the first time)
00:13.512  render           | Fra: 3 | Mem: 1M | Updating Procedurals
00:13.512  render           | Fra: 3 | Mem: 1M | Updating Background
00:13.512  render           | Fra: 3 | Mem: 1M | Updating Scene Attribute
00:13.512  render           | Fra: 3 | Mem: 1M | Updating Camera
00:13.512  render           | Fra: 3 | Mem: 1M | Updating Meshes Flags
00:13.512  render           | Fra: 3 | Mem: 1M | Updating Objects
00:13.512  render           | Fra: 3 | Mem: 1M | Updating Objects | Copying Transformations to device
00:13.512  render           | Fra: 3 | Mem: 1M | Updating Particle Systems
00:13.512  render           | Fra: 3 | Mem: 1M | Updating Particle Systems | Copying Particles to device
00:13.512  render           | Fra: 3 | Mem: 1M | Updating Meshes
00:13.512  render           | Fra: 3 | Mem: 1M | Updating Objects | Applying Static Transformations
00:13.512  render           | Fra: 3 | Mem: 1M | Updating Scene BVH | Building
00:13.512  render           | Fra: 3 | Mem: 1M | Updating Scene BVH | Building BVH
00:13.512  render           | Fra: 3 | Mem: 1M | Updating Scene BVH | Building BVH 0%
00:13.516  render           | Fra: 3 | Mem: 1M | Updating Scene BVH | Copying BVH to device
00:13.516  render           | Fra: 3 | Mem: 1M | Updating Mesh | Computing attributes
00:13.516  render           | Fra: 3 | Mem: 1M | Updating Mesh | Copying Attributes to device
00:13.516  render           | Fra: 3 | Mem: 2M | Updating Mesh | Computing normals
00:13.516  render           | Fra: 3 | Mem: 2M | Updating Mesh | Copying Mesh to device
00:13.516  render           | Fra: 3 | Mem: 2M | Updating Objects Flags
00:13.516  render           | Fra: 3 | Mem: 2M | Updating Primitive Offsets
00:13.516  render           | Fra: 3 | Mem: 2M | Updating Images
00:13.516  render           | Fra: 3 | Mem: 2M | Updating Volume
00:13.516  render           | Fra: 3 | Mem: 2M | Updating Camera Volume
00:13.516  render           | Fra: 3 | Mem: 2M | Updating Lookup Tables
00:13.516  render           | Fra: 3 | Mem: 2M | Updating Lights
00:13.516  render           | Fra: 3 | Mem: 2M | Updating Lights | Computing tree
00:13.516  render           | Fra: 3 | Mem: 2M | Updating Integrator
00:13.516  render           | Fra: 3 | Mem: 2M | Updating Film
00:13.516  render           | Fra: 3 | Mem: 2M | Updating Lookup Tables
00:13.516  render           | Fra: 3 | Mem: 2M | Updating Baking
00:13.516  render           | Fra: 3 | Mem: 2M | Updating Device | Writing constant memory
00:13.517  render           | Fra: 3 | Mem: 2M | Loading denoising kernels (may take a few minutes the first time)
00:13.517  render           | Fra: 3 | Mem: 2M | Sample 0/12
00:13.888  render           | Fra: 3 | Remaining: 00:04.08 | Mem: 26M | Sample 1/12
00:20.206  render           | Fra: 3 | Mem: 26M | Sample 12/12
00:20.206  render           | Fra: 3 | Mem: 26M | Finished
00:20.295  render           | Saved: '/home/ricardo/cvg-his-v4/docs/frontend/assets/video/frames/pulse-0003.png'
00:20.295  render           | Time: 00:06.79 (Saving: 00:00.04)
00:20.295  render           | Rendering frame 4
00:20.295  render           | Start rendering: Scene, ViewLayer
00:20.295  render           | Engine: Cycles
00:20.298  render           | Fra: 4 | Mem: 0M | Synchronizing object | Cyan
00:20.298  render           | Fra: 4 | Mem: 0M | Synchronizing object | Key
00:20.298  render           | Fra: 4 | Mem: 0M | Synchronizing object | Plane
00:20.298  render           | Fra: 4 | Mem: 0M | Synchronizing object | Detalhe champagne
00:20.298  render           | Fra: 4 | Mem: 0M | Synchronizing object | Arco mineral
00:20.298  render           | Fra: 4 | Mem: 0M | Synchronizing object | Orbita principal
00:20.298  render           | Fra: 4 | Mem: 0M | Initializing
00:20.298  render           | Fra: 4 | Mem: 0M | Waiting for render to start
00:20.298  render           | Fra: 4 | Mem: 0M | Updating Scene
00:20.298  render           | Fra: 4 | Mem: 0M | Updating Shaders
00:20.298  render           | Fra: 4 | Mem: 0M | Loading render kernels (may take a few minutes the first time)
00:20.299  render           | Fra: 4 | Mem: 1M | Updating Procedurals
00:20.299  render           | Fra: 4 | Mem: 1M | Updating Background
00:20.299  render           | Fra: 4 | Mem: 1M | Updating Scene Attribute
00:20.299  render           | Fra: 4 | Mem: 1M | Updating Camera
00:20.299  render           | Fra: 4 | Mem: 1M | Updating Meshes Flags
00:20.299  render           | Fra: 4 | Mem: 1M | Updating Objects
00:20.299  render           | Fra: 4 | Mem: 1M | Updating Objects | Copying Transformations to device
00:20.299  render           | Fra: 4 | Mem: 1M | Updating Particle Systems
00:20.299  render           | Fra: 4 | Mem: 1M | Updating Particle Systems | Copying Particles to device
00:20.299  render           | Fra: 4 | Mem: 1M | Updating Meshes
00:20.299  render           | Fra: 4 | Mem: 1M | Updating Objects | Applying Static Transformations
00:20.299  render           | Fra: 4 | Mem: 1M | Updating Scene BVH | Building
00:20.299  render           | Fra: 4 | Mem: 1M | Updating Scene BVH | Building BVH
00:20.299  render           | Fra: 4 | Mem: 1M | Updating Scene BVH | Building BVH 0%
00:20.302  render           | Fra: 4 | Mem: 1M | Updating Scene BVH | Copying BVH to device
00:20.302  render           | Fra: 4 | Mem: 1M | Updating Mesh | Computing attributes
00:20.302  render           | Fra: 4 | Mem: 1M | Updating Mesh | Copying Attributes to device
00:20.302  render           | Fra: 4 | Mem: 2M | Updating Mesh | Computing normals
00:20.302  render           | Fra: 4 | Mem: 2M | Updating Mesh | Copying Mesh to device
00:20.302  render           | Fra: 4 | Mem: 2M | Updating Objects Flags
00:20.302  render           | Fra: 4 | Mem: 2M | Updating Primitive Offsets
00:20.302  render           | Fra: 4 | Mem: 2M | Updating Images
00:20.302  render           | Fra: 4 | Mem: 2M | Updating Volume
00:20.302  render           | Fra: 4 | Mem: 2M | Updating Camera Volume
00:20.302  render           | Fra: 4 | Mem: 2M | Updating Lookup Tables
00:20.302  render           | Fra: 4 | Mem: 2M | Updating Lights
00:20.302  render           | Fra: 4 | Mem: 2M | Updating Lights | Computing tree
00:20.302  render           | Fra: 4 | Mem: 2M | Updating Integrator
00:20.302  render           | Fra: 4 | Mem: 2M | Updating Film
00:20.302  render           | Fra: 4 | Mem: 2M | Updating Lookup Tables
00:20.302  render           | Fra: 4 | Mem: 2M | Updating Baking
00:20.302  render           | Fra: 4 | Mem: 2M | Updating Device | Writing constant memory
00:20.302  render           | Fra: 4 | Mem: 2M | Loading denoising kernels (may take a few minutes the first time)
00:20.302  render           | Fra: 4 | Mem: 2M | Sample 0/12
00:20.609  render           | Fra: 4 | Remaining: 00:03.36 | Mem: 26M | Sample 1/12
00:25.862  render           | Fra: 4 | Mem: 26M | Sample 12/12
00:25.862  render           | Fra: 4 | Mem: 26M | Finished
00:25.941  render           | Saved: '/home/ricardo/cvg-his-v4/docs/frontend/assets/video/frames/pulse-0004.png'
00:25.941  render           | Time: 00:05.64 (Saving: 00:00.04)
00:25.941  render           | Rendering frame 5
00:25.941  render           | Start rendering: Scene, ViewLayer
00:25.941  render           | Engine: Cycles
00:25.945  render           | Fra: 5 | Mem: 0M | Synchronizing object | Cyan
00:25.945  render           | Fra: 5 | Mem: 0M | Synchronizing object | Key
00:25.945  render           | Fra: 5 | Mem: 0M | Synchronizing object | Plane
00:25.946  render           | Fra: 5 | Mem: 0M | Synchronizing object | Detalhe champagne
00:25.946  render           | Fra: 5 | Mem: 0M | Synchronizing object | Arco mineral
00:25.946  render           | Fra: 5 | Mem: 0M | Synchronizing object | Orbita principal
00:25.946  render           | Fra: 5 | Mem: 0M | Initializing
00:25.948  render           | Fra: 5 | Mem: 0M | Waiting for render to start
00:25.948  render           | Fra: 5 | Mem: 0M | Updating Scene
00:25.948  render           | Fra: 5 | Mem: 0M | Updating Shaders
00:25.948  render           | Fra: 5 | Mem: 0M | Loading render kernels (may take a few minutes the first time)
00:25.949  render           | Fra: 5 | Mem: 1M | Updating Procedurals
00:25.951  render           | Fra: 5 | Mem: 1M | Updating Background
00:25.951  render           | Fra: 5 | Mem: 1M | Updating Scene Attribute
00:25.951  render           | Fra: 5 | Mem: 1M | Updating Camera
00:25.951  render           | Fra: 5 | Mem: 1M | Updating Meshes Flags
00:25.951  render           | Fra: 5 | Mem: 1M | Updating Objects
00:25.951  render           | Fra: 5 | Mem: 1M | Updating Objects | Copying Transformations to device
00:25.951  render           | Fra: 5 | Mem: 1M | Updating Particle Systems
00:25.951  render           | Fra: 5 | Mem: 1M | Updating Particle Systems | Copying Particles to device
00:25.951  render           | Fra: 5 | Mem: 1M | Updating Meshes
00:25.951  render           | Fra: 5 | Mem: 1M | Updating Objects | Applying Static Transformations
00:25.951  render           | Fra: 5 | Mem: 1M | Updating Scene BVH | Building
00:25.951  render           | Fra: 5 | Mem: 1M | Updating Scene BVH | Building BVH
00:25.951  render           | Fra: 5 | Mem: 1M | Updating Scene BVH | Building BVH 0%
00:25.956  render           | Fra: 5 | Mem: 1M | Updating Scene BVH | Copying BVH to device
00:25.956  render           | Fra: 5 | Mem: 1M | Updating Mesh | Computing attributes
00:25.956  render           | Fra: 5 | Mem: 1M | Updating Mesh | Copying Attributes to device
00:25.956  render           | Fra: 5 | Mem: 2M | Updating Mesh | Computing normals
00:25.957  render           | Fra: 5 | Mem: 2M | Updating Mesh | Copying Mesh to device
00:25.957  render           | Fra: 5 | Mem: 2M | Updating Objects Flags
00:25.957  render           | Fra: 5 | Mem: 2M | Updating Primitive Offsets
00:25.957  render           | Fra: 5 | Mem: 2M | Updating Images
00:25.957  render           | Fra: 5 | Mem: 2M | Updating Volume
00:25.957  render           | Fra: 5 | Mem: 2M | Updating Camera Volume
00:25.957  render           | Fra: 5 | Mem: 2M | Updating Lookup Tables
00:25.957  render           | Fra: 5 | Mem: 2M | Updating Lights
00:25.957  render           | Fra: 5 | Mem: 2M | Updating Lights | Computing tree
00:25.957  render           | Fra: 5 | Mem: 2M | Updating Integrator
00:25.957  render           | Fra: 5 | Mem: 2M | Updating Film
00:25.957  render           | Fra: 5 | Mem: 2M | Updating Lookup Tables
00:25.957  render           | Fra: 5 | Mem: 2M | Updating Baking
00:25.957  render           | Fra: 5 | Mem: 2M | Updating Device | Writing constant memory
00:25.957  render           | Fra: 5 | Mem: 2M | Loading denoising kernels (may take a few minutes the first time)
00:25.957  render           | Fra: 5 | Mem: 2M | Sample 0/12
00:26.335  render           | Fra: 5 | Remaining: 00:04.15 | Mem: 26M | Sample 1/12
00:31.612  render           | Fra: 5 | Mem: 26M | Sample 12/12
00:31.612  render           | Fra: 5 | Mem: 26M | Finished
00:31.703  render           | Saved: '/home/ricardo/cvg-his-v4/docs/frontend/assets/video/frames/pulse-0005.png'
00:31.703  render           | Time: 00:05.76 (Saving: 00:00.05)
00:31.703  render           | Rendering frame 6
00:31.704  render           | Start rendering: Scene, ViewLayer
00:31.704  render           | Engine: Cycles
00:31.706  render           | Fra: 6 | Mem: 0M | Synchronizing object | Orbita principal
00:31.706  render           | Fra: 6 | Mem: 0M | Synchronizing object | Cyan
00:31.707  render           | Fra: 6 | Mem: 0M | Synchronizing object | Key
00:31.707  render           | Fra: 6 | Mem: 0M | Synchronizing object | Plane
00:31.707  render           | Fra: 6 | Mem: 0M | Synchronizing object | Detalhe champagne
00:31.707  render           | Fra: 6 | Mem: 0M | Synchronizing object | Arco mineral
00:31.707  render           | Fra: 6 | Mem: 0M | Initializing
00:31.708  render           | Fra: 6 | Mem: 0M | Waiting for render to start
00:31.708  render           | Fra: 6 | Mem: 0M | Updating Scene
00:31.708  render           | Fra: 6 | Mem: 0M | Updating Shaders
00:31.708  render           | Fra: 6 | Mem: 0M | Loading render kernels (may take a few minutes the first time)
00:31.708  render           | Fra: 6 | Mem: 1M | Updating Procedurals
00:31.708  render           | Fra: 6 | Mem: 1M | Updating Background
00:31.708  render           | Fra: 6 | Mem: 1M | Updating Scene Attribute
00:31.708  render           | Fra: 6 | Mem: 1M | Updating Camera
00:31.708  render           | Fra: 6 | Mem: 1M | Updating Meshes Flags
00:31.708  render           | Fra: 6 | Mem: 1M | Updating Objects
00:31.708  render           | Fra: 6 | Mem: 1M | Updating Objects | Copying Transformations to device
00:31.708  render           | Fra: 6 | Mem: 1M | Updating Particle Systems
00:31.708  render           | Fra: 6 | Mem: 1M | Updating Particle Systems | Copying Particles to device
00:31.708  render           | Fra: 6 | Mem: 1M | Updating Meshes
00:31.708  render           | Fra: 6 | Mem: 1M | Updating Objects | Applying Static Transformations
00:31.709  render           | Fra: 6 | Mem: 1M | Updating Scene BVH | Building
00:31.709  render           | Fra: 6 | Mem: 1M | Updating Scene BVH | Building BVH
00:31.709  render           | Fra: 6 | Mem: 1M | Updating Scene BVH | Building BVH 0%
00:31.716  render           | Fra: 6 | Mem: 1M | Updating Scene BVH | Copying BVH to device
00:31.717  render           | Fra: 6 | Mem: 1M | Updating Mesh | Computing attributes
00:31.717  render           | Fra: 6 | Mem: 1M | Updating Mesh | Copying Attributes to device
00:31.717  render           | Fra: 6 | Mem: 2M | Updating Mesh | Computing normals
00:31.717  render           | Fra: 6 | Mem: 2M | Updating Mesh | Copying Mesh to device
00:31.717  render           | Fra: 6 | Mem: 2M | Updating Objects Flags
00:31.717  render           | Fra: 6 | Mem: 2M | Updating Primitive Offsets
00:31.717  render           | Fra: 6 | Mem: 2M | Updating Images
00:31.717  render           | Fra: 6 | Mem: 2M | Updating Volume
00:31.717  render           | Fra: 6 | Mem: 2M | Updating Camera Volume
00:31.717  render           | Fra: 6 | Mem: 2M | Updating Lookup Tables
00:31.717  render           | Fra: 6 | Mem: 2M | Updating Lights
00:31.717  render           | Fra: 6 | Mem: 2M | Updating Lights | Computing tree
00:31.717  render           | Fra: 6 | Mem: 2M | Updating Integrator
00:31.717  render           | Fra: 6 | Mem: 2M | Updating Film
00:31.717  render           | Fra: 6 | Mem: 2M | Updating Lookup Tables
00:31.717  render           | Fra: 6 | Mem: 2M | Updating Baking
00:31.717  render           | Fra: 6 | Mem: 2M | Updating Device | Writing constant memory
00:31.717  render           | Fra: 6 | Mem: 2M | Loading denoising kernels (may take a few minutes the first time)
00:31.717  render           | Fra: 6 | Mem: 2M | Sample 0/12
00:31.955  render           | Fra: 6 | Remaining: 00:02.62 | Mem: 26M | Sample 1/12
00:38.234  render           | Fra: 6 | Mem: 26M | Sample 12/12
00:38.234  render           | Fra: 6 | Mem: 26M | Finished
00:38.334  render           | Saved: '/home/ricardo/cvg-his-v4/docs/frontend/assets/video/frames/pulse-0006.png'
00:38.334  render           | Time: 00:06.63 (Saving: 00:00.06)
00:38.334  render           | Rendering frame 7
00:38.334  render           | Start rendering: Scene, ViewLayer
00:38.334  render           | Engine: Cycles
00:38.338  render           | Fra: 7 | Mem: 0M | Synchronizing object | Cyan
00:38.338  render           | Fra: 7 | Mem: 0M | Synchronizing object | Key
00:38.338  render           | Fra: 7 | Mem: 0M | Synchronizing object | Orbita principal
00:38.338  render           | Fra: 7 | Mem: 0M | Synchronizing object | Plane
00:38.338  render           | Fra: 7 | Mem: 0M | Synchronizing object | Detalhe champagne
00:38.338  render           | Fra: 7 | Mem: 0M | Synchronizing object | Arco mineral
00:38.338  render           | Fra: 7 | Mem: 0M | Initializing
00:38.339  render           | Fra: 7 | Mem: 0M | Waiting for render to start
00:38.339  render           | Fra: 7 | Mem: 0M | Updating Scene
00:38.339  render           | Fra: 7 | Mem: 0M | Updating Shaders
00:38.339  render           | Fra: 7 | Mem: 0M | Loading render kernels (may take a few minutes the first time)
00:38.339  render           | Fra: 7 | Mem: 1M | Updating Procedurals
00:38.339  render           | Fra: 7 | Mem: 1M | Updating Background
00:38.339  render           | Fra: 7 | Mem: 1M | Updating Scene Attribute
00:38.339  render           | Fra: 7 | Mem: 1M | Updating Camera
00:38.340  render           | Fra: 7 | Mem: 1M | Updating Meshes Flags
00:38.340  render           | Fra: 7 | Mem: 1M | Updating Objects
00:38.340  render           | Fra: 7 | Mem: 1M | Updating Objects | Copying Transformations to device
00:38.340  render           | Fra: 7 | Mem: 1M | Updating Particle Systems
00:38.340  render           | Fra: 7 | Mem: 1M | Updating Particle Systems | Copying Particles to device
00:38.340  render           | Fra: 7 | Mem: 1M | Updating Meshes
00:38.340  render           | Fra: 7 | Mem: 1M | Updating Objects | Applying Static Transformations
00:38.340  render           | Fra: 7 | Mem: 1M | Updating Scene BVH | Building
00:38.340  render           | Fra: 7 | Mem: 1M | Updating Scene BVH | Building BVH
00:38.340  render           | Fra: 7 | Mem: 1M | Updating Scene BVH | Building BVH 0%
00:38.347  render           | Fra: 7 | Mem: 1M | Updating Scene BVH | Copying BVH to device
00:38.348  render           | Fra: 7 | Mem: 1M | Updating Mesh | Computing attributes
00:38.348  render           | Fra: 7 | Mem: 1M | Updating Mesh | Copying Attributes to device
00:38.348  render           | Fra: 7 | Mem: 2M | Updating Mesh | Computing normals
00:38.348  render           | Fra: 7 | Mem: 2M | Updating Mesh | Copying Mesh to device
00:38.348  render           | Fra: 7 | Mem: 2M | Updating Objects Flags
00:38.348  render           | Fra: 7 | Mem: 2M | Updating Primitive Offsets
00:38.348  render           | Fra: 7 | Mem: 2M | Updating Images
00:38.348  render           | Fra: 7 | Mem: 2M | Updating Volume
00:38.348  render           | Fra: 7 | Mem: 2M | Updating Camera Volume
00:38.348  render           | Fra: 7 | Mem: 2M | Updating Lookup Tables
00:38.348  render           | Fra: 7 | Mem: 2M | Updating Lights
00:38.348  render           | Fra: 7 | Mem: 2M | Updating Lights | Computing tree
00:38.348  render           | Fra: 7 | Mem: 2M | Updating Integrator
00:38.348  render           | Fra: 7 | Mem: 2M | Updating Film
00:38.348  render           | Fra: 7 | Mem: 2M | Updating Lookup Tables
00:38.348  render           | Fra: 7 | Mem: 2M | Updating Baking
00:38.348  render           | Fra: 7 | Mem: 2M | Updating Device | Writing constant memory
00:38.348  render           | Fra: 7 | Mem: 2M | Loading denoising kernels (may take a few minutes the first time)
00:38.348  render           | Fra: 7 | Mem: 2M | Sample 0/12
00:38.856  render           | Fra: 7 | Remaining: 00:05.58 | Mem: 26M | Sample 1/12
00:43.950  render           | Fra: 7 | Mem: 26M | Sample 12/12
00:43.950  render           | Fra: 7 | Mem: 26M | Finished
00:44.061  render           | Saved: '/home/ricardo/cvg-his-v4/docs/frontend/assets/video/frames/pulse-0007.png'
00:44.061  render           | Time: 00:05.72 (Saving: 00:00.05)
00:44.061  render           | Rendering frame 8
00:44.061  render           | Start rendering: Scene, ViewLayer
00:44.061  render           | Engine: Cycles
00:44.065  render           | Fra: 8 | Mem: 0M | Synchronizing object | Cyan
00:44.065  render           | Fra: 8 | Mem: 0M | Synchronizing object | Key
00:44.065  render           | Fra: 8 | Mem: 0M | Synchronizing object | Plane
00:44.065  render           | Fra: 8 | Mem: 0M | Synchronizing object | Detalhe champagne
00:44.065  render           | Fra: 8 | Mem: 0M | Synchronizing object | Arco mineral
00:44.066  render           | Fra: 8 | Mem: 0M | Synchronizing object | Orbita principal
00:44.066  render           | Fra: 8 | Mem: 0M | Initializing
00:44.067  render           | Fra: 8 | Mem: 0M | Waiting for render to start
00:44.067  render           | Fra: 8 | Mem: 0M | Updating Scene
00:44.067  render           | Fra: 8 | Mem: 0M | Updating Shaders
00:44.067  render           | Fra: 8 | Mem: 0M | Loading render kernels (may take a few minutes the first time)
00:44.067  render           | Fra: 8 | Mem: 1M | Updating Procedurals
00:44.067  render           | Fra: 8 | Mem: 1M | Updating Background
00:44.067  render           | Fra: 8 | Mem: 1M | Updating Scene Attribute
00:44.067  render           | Fra: 8 | Mem: 1M | Updating Camera
00:44.067  render           | Fra: 8 | Mem: 1M | Updating Meshes Flags
00:44.067  render           | Fra: 8 | Mem: 1M | Updating Objects
00:44.067  render           | Fra: 8 | Mem: 1M | Updating Objects | Copying Transformations to device
00:44.067  render           | Fra: 8 | Mem: 1M | Updating Particle Systems
00:44.067  render           | Fra: 8 | Mem: 1M | Updating Particle Systems | Copying Particles to device
00:44.067  render           | Fra: 8 | Mem: 1M | Updating Meshes
00:44.067  render           | Fra: 8 | Mem: 1M | Updating Objects | Applying Static Transformations
00:44.068  render           | Fra: 8 | Mem: 1M | Updating Scene BVH | Building
00:44.068  render           | Fra: 8 | Mem: 1M | Updating Scene BVH | Building BVH
00:44.068  render           | Fra: 8 | Mem: 1M | Updating Scene BVH | Building BVH 0%
00:44.075  render           | Fra: 8 | Mem: 1M | Updating Scene BVH | Copying BVH to device
00:44.075  render           | Fra: 8 | Mem: 1M | Updating Mesh | Computing attributes
00:44.075  render           | Fra: 8 | Mem: 1M | Updating Mesh | Copying Attributes to device
00:44.075  render           | Fra: 8 | Mem: 2M | Updating Mesh | Computing normals
00:44.075  render           | Fra: 8 | Mem: 2M | Updating Mesh | Copying Mesh to device
00:44.075  render           | Fra: 8 | Mem: 2M | Updating Objects Flags
00:44.075  render           | Fra: 8 | Mem: 2M | Updating Primitive Offsets
00:44.075  render           | Fra: 8 | Mem: 2M | Updating Images
00:44.075  render           | Fra: 8 | Mem: 2M | Updating Volume
00:44.075  render           | Fra: 8 | Mem: 2M | Updating Camera Volume
00:44.075  render           | Fra: 8 | Mem: 2M | Updating Lookup Tables
00:44.075  render           | Fra: 8 | Mem: 2M | Updating Lights
00:44.075  render           | Fra: 8 | Mem: 2M | Updating Lights | Computing tree
00:44.075  render           | Fra: 8 | Mem: 2M | Updating Integrator
00:44.075  render           | Fra: 8 | Mem: 2M | Updating Film
00:44.075  render           | Fra: 8 | Mem: 2M | Updating Lookup Tables
00:44.075  render           | Fra: 8 | Mem: 2M | Updating Baking
00:44.075  render           | Fra: 8 | Mem: 2M | Updating Device | Writing constant memory
00:44.075  render           | Fra: 8 | Mem: 2M | Loading denoising kernels (may take a few minutes the first time)
00:44.075  render           | Fra: 8 | Mem: 2M | Sample 0/12
00:44.393  render           | Fra: 8 | Remaining: 00:03.49 | Mem: 26M | Sample 1/12
00:49.221  render           | Fra: 8 | Mem: 26M | Sample 12/12
00:49.221  render           | Fra: 8 | Mem: 26M | Finished
00:49.276  render           | Saved: '/home/ricardo/cvg-his-v4/docs/frontend/assets/video/frames/pulse-0008.png'
00:49.276  render           | Time: 00:05.21 (Saving: 00:00.03)
00:49.276  render           | Rendering frame 9
00:49.276  render           | Start rendering: Scene, ViewLayer
00:49.276  render           | Engine: Cycles
00:49.278  render           | Fra: 9 | Mem: 0M | Synchronizing object | Orbita principal
00:49.278  render           | Fra: 9 | Mem: 0M | Synchronizing object | Cyan
00:49.278  render           | Fra: 9 | Mem: 0M | Synchronizing object | Key
00:49.278  render           | Fra: 9 | Mem: 0M | Synchronizing object | Plane
00:49.279  render           | Fra: 9 | Mem: 0M | Initializing
00:49.279  render           | Fra: 9 | Mem: 0M | Waiting for render to start
00:49.279  render           | Fra: 9 | Mem: 0M | Updating Scene
00:49.279  render           | Fra: 9 | Mem: 0M | Updating Shaders
00:49.279  render           | Fra: 9 | Mem: 0M | Loading render kernels (may take a few minutes the first time)
00:49.279  render           | Fra: 9 | Mem: 1M | Updating Procedurals
00:49.279  render           | Fra: 9 | Mem: 1M | Updating Background
00:49.279  render           | Fra: 9 | Mem: 1M | Updating Scene Attribute
00:49.279  render           | Fra: 9 | Mem: 1M | Updating Camera
00:49.279  render           | Fra: 9 | Mem: 1M | Updating Meshes Flags
00:49.279  render           | Fra: 9 | Mem: 1M | Updating Objects
00:49.279  render           | Fra: 9 | Mem: 1M | Updating Objects | Copying Transformations to device
00:49.279  render           | Fra: 9 | Mem: 1M | Updating Particle Systems
00:49.279  render           | Fra: 9 | Mem: 1M | Updating Particle Systems | Copying Particles to device
00:49.279  render           | Fra: 9 | Mem: 1M | Updating Meshes
00:49.279  render           | Fra: 9 | Mem: 1M | Updating Objects | Applying Static Transformations
00:49.279  render           | Fra: 9 | Mem: 1M | Updating Scene BVH | Building
00:49.279  render           | Fra: 9 | Mem: 1M | Updating Scene BVH | Building BVH
00:49.280  render           | Fra: 9 | Mem: 1M | Updating Scene BVH | Building BVH 0%
00:49.283  render           | Fra: 9 | Mem: 1M | Updating Scene BVH | Copying BVH to device
00:49.283  render           | Fra: 9 | Mem: 1M | Updating Mesh | Computing attributes
00:49.283  render           | Fra: 9 | Mem: 1M | Updating Mesh | Copying Attributes to device
00:49.283  render           | Fra: 9 | Mem: 2M | Updating Mesh | Computing normals
00:49.283  render           | Fra: 9 | Mem: 2M | Updating Mesh | Copying Mesh to device
00:49.283  render           | Fra: 9 | Mem: 2M | Updating Objects Flags
00:49.283  render           | Fra: 9 | Mem: 2M | Updating Primitive Offsets
00:49.283  render           | Fra: 9 | Mem: 2M | Updating Images
00:49.283  render           | Fra: 9 | Mem: 2M | Updating Volume
00:49.283  render           | Fra: 9 | Mem: 2M | Updating Camera Volume
00:49.283  render           | Fra: 9 | Mem: 2M | Updating Lookup Tables
00:49.283  render           | Fra: 9 | Mem: 2M | Updating Lights
00:49.283  render           | Fra: 9 | Mem: 2M | Updating Lights | Computing tree
00:49.283  render           | Fra: 9 | Mem: 2M | Updating Integrator
00:49.283  render           | Fra: 9 | Mem: 2M | Updating Film
00:49.283  render           | Fra: 9 | Mem: 2M | Updating Lookup Tables
00:49.283  render           | Fra: 9 | Mem: 2M | Updating Baking
00:49.283  render           | Fra: 9 | Mem: 2M | Updating Device | Writing constant memory
00:49.283  render           | Fra: 9 | Mem: 2M | Loading denoising kernels (may take a few minutes the first time)
00:49.283  render           | Fra: 9 | Mem: 2M | Sample 0/12
00:49.501  render           | Fra: 9 | Remaining: 00:02.39 | Mem: 26M | Sample 1/12
00:54.647  render           | Fra: 9 | Mem: 26M | Sample 12/12
00:54.647  render           | Fra: 9 | Mem: 26M | Finished
00:54.740  render           | Saved: '/home/ricardo/cvg-his-v4/docs/frontend/assets/video/frames/pulse-0009.png'
00:54.740  render           | Time: 00:05.46 (Saving: 00:00.05)
00:54.740  render           | Rendering frame 10
00:54.741  render           | Start rendering: Scene, ViewLayer
00:54.741  render           | Engine: Cycles
00:54.750  render           | Fra: 10 | Mem: 0M | Synchronizing object | Cyan
00:54.750  render           | Fra: 10 | Mem: 0M | Synchronizing object | Key
00:54.750  render           | Fra: 10 | Mem: 0M | Synchronizing object | Plane
00:54.750  render           | Fra: 10 | Mem: 0M | Synchronizing object | Detalhe champagne
00:54.750  render           | Fra: 10 | Mem: 0M | Synchronizing object | Orbita principal
00:54.753  render           | Fra: 10 | Mem: 0M | Synchronizing object | Arco mineral
00:54.753  render           | Fra: 10 | Mem: 0M | Initializing
00:54.754  render           | Fra: 10 | Mem: 0M | Waiting for render to start
00:54.754  render           | Fra: 10 | Mem: 0M | Updating Scene
00:54.754  render           | Fra: 10 | Mem: 0M | Updating Shaders
00:54.755  render           | Fra: 10 | Mem: 0M | Loading render kernels (may take a few minutes the first time)
00:54.755  render           | Fra: 10 | Mem: 1M | Updating Procedurals
00:54.755  render           | Fra: 10 | Mem: 1M | Updating Background
00:54.755  render           | Fra: 10 | Mem: 1M | Updating Scene Attribute
00:54.755  render           | Fra: 10 | Mem: 1M | Updating Camera
00:54.755  render           | Fra: 10 | Mem: 1M | Updating Meshes Flags
00:54.755  render           | Fra: 10 | Mem: 1M | Updating Objects
00:54.756  render           | Fra: 10 | Mem: 1M | Updating Objects | Copying Transformations to device
00:54.756  render           | Fra: 10 | Mem: 1M | Updating Particle Systems
00:54.756  render           | Fra: 10 | Mem: 1M | Updating Particle Systems | Copying Particles to device
00:54.756  render           | Fra: 10 | Mem: 1M | Updating Meshes
00:54.756  render           | Fra: 10 | Mem: 1M | Updating Objects | Applying Static Transformations
00:54.756  render           | Fra: 10 | Mem: 1M | Updating Scene BVH | Building
00:54.756  render           | Fra: 10 | Mem: 1M | Updating Scene BVH | Building BVH
00:54.756  render           | Fra: 10 | Mem: 1M | Updating Scene BVH | Building BVH 0%
00:54.760  render           | Fra: 10 | Mem: 1M | Updating Scene BVH | Copying BVH to device
00:54.760  render           | Fra: 10 | Mem: 1M | Updating Mesh | Computing attributes
00:54.761  render           | Fra: 10 | Mem: 1M | Updating Mesh | Copying Attributes to device
00:54.761  render           | Fra: 10 | Mem: 2M | Updating Mesh | Computing normals
00:54.761  render           | Fra: 10 | Mem: 2M | Updating Mesh | Copying Mesh to device
00:54.761  render           | Fra: 10 | Mem: 2M | Updating Objects Flags
00:54.761  render           | Fra: 10 | Mem: 2M | Updating Primitive Offsets
00:54.761  render           | Fra: 10 | Mem: 2M | Updating Images
00:54.761  render           | Fra: 10 | Mem: 2M | Updating Volume
00:54.761  render           | Fra: 10 | Mem: 2M | Updating Camera Volume
00:54.761  render           | Fra: 10 | Mem: 2M | Updating Lookup Tables
00:54.761  render           | Fra: 10 | Mem: 2M | Updating Lights
00:54.761  render           | Fra: 10 | Mem: 2M | Updating Lights | Computing tree
00:54.761  render           | Fra: 10 | Mem: 2M | Updating Integrator
00:54.761  render           | Fra: 10 | Mem: 2M | Updating Film
00:54.761  render           | Fra: 10 | Mem: 2M | Updating Lookup Tables
00:54.761  render           | Fra: 10 | Mem: 2M | Updating Baking
00:54.761  render           | Fra: 10 | Mem: 2M | Updating Device | Writing constant memory
00:54.761  render           | Fra: 10 | Mem: 2M | Loading denoising kernels (may take a few minutes the first time)
00:54.761  render           | Fra: 10 | Mem: 2M | Sample 0/12
00:54.988  render           | Fra: 10 | Remaining: 00:02.49 | Mem: 26M | Sample 1/12
01:00.305  render           | Fra: 10 | Mem: 26M | Sample 12/12
01:00.306  render           | Fra: 10 | Mem: 26M | Finished
01:00.432  render           | Saved: '/home/ricardo/cvg-his-v4/docs/frontend/assets/video/frames/pulse-0010.png'
01:00.433  render           | Time: 00:05.69 (Saving: 00:00.07)
01:00.433  render           | Rendering frame 11
01:00.433  render           | Start rendering: Scene, ViewLayer
01:00.433  render           | Engine: Cycles
01:00.436  render           | Fra: 11 | Mem: 0M | Synchronizing object | Cyan
01:00.436  render           | Fra: 11 | Mem: 0M | Synchronizing object | Key
01:00.436  render           | Fra: 11 | Mem: 0M | Synchronizing object | Plane
01:00.436  render           | Fra: 11 | Mem: 0M | Synchronizing object | Detalhe champagne
01:00.436  render           | Fra: 11 | Mem: 0M | Synchronizing object | Arco mineral
01:00.437  render           | Fra: 11 | Mem: 0M | Synchronizing object | Orbita principal
01:00.437  render           | Fra: 11 | Mem: 0M | Initializing
01:00.438  render           | Fra: 11 | Mem: 0M | Waiting for render to start
01:00.438  render           | Fra: 11 | Mem: 0M | Updating Scene
01:00.438  render           | Fra: 11 | Mem: 0M | Updating Shaders
01:00.438  render           | Fra: 11 | Mem: 0M | Loading render kernels (may take a few minutes the first time)
01:00.439  render           | Fra: 11 | Mem: 1M | Updating Procedurals
01:00.439  render           | Fra: 11 | Mem: 1M | Updating Background
01:00.439  render           | Fra: 11 | Mem: 1M | Updating Scene Attribute
01:00.439  render           | Fra: 11 | Mem: 1M | Updating Camera
01:00.439  render           | Fra: 11 | Mem: 1M | Updating Meshes Flags
01:00.439  render           | Fra: 11 | Mem: 1M | Updating Objects
01:00.439  render           | Fra: 11 | Mem: 1M | Updating Objects | Copying Transformations to device
01:00.439  render           | Fra: 11 | Mem: 1M | Updating Particle Systems
01:00.439  render           | Fra: 11 | Mem: 1M | Updating Particle Systems | Copying Particles to device
01:00.439  render           | Fra: 11 | Mem: 1M | Updating Meshes
01:00.439  render           | Fra: 11 | Mem: 1M | Updating Objects | Applying Static Transformations
01:00.441  render           | Fra: 11 | Mem: 1M | Updating Scene BVH | Building
01:00.441  render           | Fra: 11 | Mem: 1M | Updating Scene BVH | Building BVH
01:00.441  render           | Fra: 11 | Mem: 1M | Updating Scene BVH | Building BVH 0%
01:00.454  render           | Fra: 11 | Mem: 1M | Updating Scene BVH | Copying BVH to device
01:00.454  render           | Fra: 11 | Mem: 1M | Updating Mesh | Computing attributes
01:00.454  render           | Fra: 11 | Mem: 1M | Updating Mesh | Copying Attributes to device
01:00.454  render           | Fra: 11 | Mem: 2M | Updating Mesh | Computing normals
01:00.454  render           | Fra: 11 | Mem: 2M | Updating Mesh | Copying Mesh to device
01:00.454  render           | Fra: 11 | Mem: 2M | Updating Objects Flags
01:00.454  render           | Fra: 11 | Mem: 2M | Updating Primitive Offsets
01:00.454  render           | Fra: 11 | Mem: 2M | Updating Images
01:00.454  render           | Fra: 11 | Mem: 2M | Updating Volume
01:00.454  render           | Fra: 11 | Mem: 2M | Updating Camera Volume
01:00.454  render           | Fra: 11 | Mem: 2M | Updating Lookup Tables
01:00.454  render           | Fra: 11 | Mem: 2M | Updating Lights
01:00.455  render           | Fra: 11 | Mem: 2M | Updating Lights | Computing tree
01:00.455  render           | Fra: 11 | Mem: 2M | Updating Integrator
01:00.455  render           | Fra: 11 | Mem: 2M | Updating Film
01:00.455  render           | Fra: 11 | Mem: 2M | Updating Lookup Tables
01:00.455  render           | Fra: 11 | Mem: 2M | Updating Baking
01:00.455  render           | Fra: 11 | Mem: 2M | Updating Device | Writing constant memory
01:00.455  render           | Fra: 11 | Mem: 2M | Loading denoising kernels (may take a few minutes the first time)
01:00.455  render           | Fra: 11 | Mem: 2M | Sample 0/12
01:00.844  render           | Fra: 11 | Remaining: 00:04.27 | Mem: 26M | Sample 1/12
01:05.477  render           | Fra: 11 | Mem: 26M | Sample 12/12
01:05.477  render           | Fra: 11 | Mem: 26M | Finished
01:05.539  render           | Saved: '/home/ricardo/cvg-his-v4/docs/frontend/assets/video/frames/pulse-0011.png'
01:05.539  render           | Time: 00:05.10 (Saving: 00:00.04)
01:05.539  render           | Rendering frame 12
01:05.539  render           | Start rendering: Scene, ViewLayer
01:05.539  render           | Engine: Cycles
01:05.542  render           | Fra: 12 | Mem: 0M | Synchronizing object | Cyan
01:05.542  render           | Fra: 12 | Mem: 0M | Synchronizing object | Key
01:05.542  render           | Fra: 12 | Mem: 0M | Synchronizing object | Plane
01:05.542  render           | Fra: 12 | Mem: 0M | Synchronizing object | Arco mineral
01:05.542  render           | Fra: 12 | Mem: 0M | Synchronizing object | Detalhe champagne
01:05.542  render           | Fra: 12 | Mem: 0M | Initializing
01:05.544  render           | Fra: 12 | Mem: 0M | Waiting for render to start
01:05.544  render           | Fra: 12 | Mem: 0M | Updating Scene
01:05.544  render           | Fra: 12 | Mem: 0M | Updating Shaders
01:05.544  render           | Fra: 12 | Mem: 0M | Loading render kernels (may take a few minutes the first time)
01:05.544  render           | Fra: 12 | Mem: 1M | Updating Procedurals
01:05.544  render           | Fra: 12 | Mem: 1M | Updating Background
01:05.544  render           | Fra: 12 | Mem: 1M | Updating Scene Attribute
01:05.544  render           | Fra: 12 | Mem: 1M | Updating Camera
01:05.544  render           | Fra: 12 | Mem: 1M | Updating Meshes Flags
01:05.544  render           | Fra: 12 | Mem: 1M | Updating Objects
01:05.544  render           | Fra: 12 | Mem: 1M | Updating Objects | Copying Transformations to device
01:05.544  render           | Fra: 12 | Mem: 1M | Updating Particle Systems
01:05.544  render           | Fra: 12 | Mem: 1M | Updating Particle Systems | Copying Particles to device
01:05.544  render           | Fra: 12 | Mem: 1M | Updating Meshes
01:05.544  render           | Fra: 12 | Mem: 1M | Updating Objects | Applying Static Transformations
01:05.545  render           | Fra: 12 | Mem: 1M | Updating Scene BVH | Building
01:05.545  render           | Fra: 12 | Mem: 1M | Updating Scene BVH | Building BVH
01:05.545  render           | Fra: 12 | Mem: 1M | Updating Scene BVH | Building BVH 0%
01:05.549  render           | Fra: 12 | Mem: 1M | Updating Scene BVH | Copying BVH to device
01:05.549  render           | Fra: 12 | Mem: 1M | Updating Mesh | Computing attributes
01:05.549  render           | Fra: 12 | Mem: 1M | Updating Mesh | Copying Attributes to device
01:05.549  render           | Fra: 12 | Mem: 2M | Updating Mesh | Computing normals
01:05.549  render           | Fra: 12 | Mem: 2M | Updating Mesh | Copying Mesh to device
01:05.549  render           | Fra: 12 | Mem: 2M | Updating Objects Flags
01:05.549  render           | Fra: 12 | Mem: 2M | Updating Primitive Offsets
01:05.549  render           | Fra: 12 | Mem: 2M | Updating Images
01:05.549  render           | Fra: 12 | Mem: 2M | Updating Volume
01:05.549  render           | Fra: 12 | Mem: 2M | Updating Camera Volume
01:05.549  render           | Fra: 12 | Mem: 2M | Updating Lookup Tables
01:05.549  render           | Fra: 12 | Mem: 2M | Updating Lights
01:05.549  render           | Fra: 12 | Mem: 2M | Updating Lights | Computing tree
01:05.549  render           | Fra: 12 | Mem: 2M | Updating Integrator
01:05.549  render           | Fra: 12 | Mem: 2M | Updating Film
01:05.550  render           | Fra: 12 | Mem: 2M | Updating Lookup Tables
01:05.550  render           | Fra: 12 | Mem: 2M | Updating Baking
01:05.550  render           | Fra: 12 | Mem: 2M | Updating Device | Writing constant memory
01:05.550  render           | Fra: 12 | Mem: 2M | Loading denoising kernels (may take a few minutes the first time)
01:05.550  render           | Fra: 12 | Mem: 2M | Sample 0/12
01:05.843  render           | Fra: 12 | Remaining: 00:03.22 | Mem: 26M | Sample 1/12
01:10.390  render           | Fra: 12 | Mem: 26M | Sample 12/12
01:10.390  render           | Fra: 12 | Mem: 26M | Finished
01:10.448  render           | Saved: '/home/ricardo/cvg-his-v4/docs/frontend/assets/video/frames/pulse-0012.png'
01:10.448  render           | Time: 00:04.90 (Saving: 00:00.03)
01:10.448  render           | Rendering frame 13
01:10.448  render           | Start rendering: Scene, ViewLayer
01:10.448  render           | Engine: Cycles
01:10.450  render           | Fra: 13 | Mem: 0M | Synchronizing object | Orbita principal
01:10.450  render           | Fra: 13 | Mem: 0M | Synchronizing object | Cyan
01:10.450  render           | Fra: 13 | Mem: 0M | Synchronizing object | Detalhe champagne
01:10.450  render           | Fra: 13 | Mem: 0M | Synchronizing object | Key
01:10.450  render           | Fra: 13 | Mem: 0M | Synchronizing object | Plane
01:10.450  render           | Fra: 13 | Mem: 0M | Initializing
01:10.451  render           | Fra: 13 | Mem: 0M | Waiting for render to start
01:10.451  render           | Fra: 13 | Mem: 0M | Updating Scene
01:10.451  render           | Fra: 13 | Mem: 0M | Updating Shaders
01:10.451  render           | Fra: 13 | Mem: 0M | Loading render kernels (may take a few minutes the first time)
01:10.453  render           | Fra: 13 | Mem: 1M | Updating Procedurals
01:10.453  render           | Fra: 13 | Mem: 1M | Updating Background
01:10.453  render           | Fra: 13 | Mem: 1M | Updating Scene Attribute
01:10.453  render           | Fra: 13 | Mem: 1M | Updating Camera
01:10.453  render           | Fra: 13 | Mem: 1M | Updating Meshes Flags
01:10.453  render           | Fra: 13 | Mem: 1M | Updating Objects
01:10.453  render           | Fra: 13 | Mem: 1M | Updating Objects | Copying Transformations to device
01:10.453  render           | Fra: 13 | Mem: 1M | Updating Particle Systems
01:10.453  render           | Fra: 13 | Mem: 1M | Updating Particle Systems | Copying Particles to device
01:10.453  render           | Fra: 13 | Mem: 1M | Updating Meshes
01:10.453  render           | Fra: 13 | Mem: 1M | Updating Objects | Applying Static Transformations
01:10.453  render           | Fra: 13 | Mem: 1M | Updating Scene BVH | Building
01:10.453  render           | Fra: 13 | Mem: 1M | Updating Scene BVH | Building BVH
01:10.453  render           | Fra: 13 | Mem: 1M | Updating Scene BVH | Building BVH 0%
01:10.457  render           | Fra: 13 | Mem: 1M | Updating Scene BVH | Copying BVH to device
01:10.457  render           | Fra: 13 | Mem: 1M | Updating Mesh | Computing attributes
01:10.457  render           | Fra: 13 | Mem: 1M | Updating Mesh | Copying Attributes to device
01:10.457  render           | Fra: 13 | Mem: 2M | Updating Mesh | Computing normals
01:10.457  render           | Fra: 13 | Mem: 2M | Updating Mesh | Copying Mesh to device
01:10.457  render           | Fra: 13 | Mem: 2M | Updating Objects Flags
01:10.457  render           | Fra: 13 | Mem: 2M | Updating Primitive Offsets
01:10.457  render           | Fra: 13 | Mem: 2M | Updating Images
01:10.457  render           | Fra: 13 | Mem: 2M | Updating Volume
01:10.457  render           | Fra: 13 | Mem: 2M | Updating Camera Volume
01:10.457  render           | Fra: 13 | Mem: 2M | Updating Lookup Tables
01:10.457  render           | Fra: 13 | Mem: 2M | Updating Lights
01:10.457  render           | Fra: 13 | Mem: 2M | Updating Lights | Computing tree
01:10.457  render           | Fra: 13 | Mem: 2M | Updating Integrator
01:10.457  render           | Fra: 13 | Mem: 2M | Updating Film
01:10.457  render           | Fra: 13 | Mem: 2M | Updating Lookup Tables
01:10.457  render           | Fra: 13 | Mem: 2M | Updating Baking
01:10.457  render           | Fra: 13 | Mem: 2M | Updating Device | Writing constant memory
01:10.457  render           | Fra: 13 | Mem: 2M | Loading denoising kernels (may take a few minutes the first time)
01:10.457  render           | Fra: 13 | Mem: 2M | Sample 0/12
01:10.721  render           | Fra: 13 | Remaining: 00:02.90 | Mem: 26M | Sample 1/12
01:15.061  render           | Fra: 13 | Mem: 26M | Sample 12/12
01:15.061  render           | Fra: 13 | Mem: 26M | Finished
01:15.133  render           | Saved: '/home/ricardo/cvg-his-v4/docs/frontend/assets/video/frames/pulse-0013.png'
01:15.133  render           | Time: 00:04.68 (Saving: 00:00.03)
01:15.133  render           | Rendering frame 14
01:15.133  render           | Start rendering: Scene, ViewLayer
01:15.133  render           | Engine: Cycles
01:15.137  render           | Fra: 14 | Mem: 0M | Synchronizing object | Orbita principal
01:15.137  render           | Fra: 14 | Mem: 0M | Synchronizing object | Cyan
01:15.137  render           | Fra: 14 | Mem: 0M | Synchronizing object | Detalhe champagne
01:15.137  render           | Fra: 14 | Mem: 0M | Synchronizing object | Key
01:15.137  render           | Fra: 14 | Mem: 0M | Synchronizing object | Plane
01:15.137  render           | Fra: 14 | Mem: 0M | Initializing
01:15.138  render           | Fra: 14 | Mem: 0M | Waiting for render to start
01:15.138  render           | Fra: 14 | Mem: 0M | Updating Scene
01:15.138  render           | Fra: 14 | Mem: 0M | Updating Shaders
01:15.138  render           | Fra: 14 | Mem: 0M | Loading render kernels (may take a few minutes the first time)
01:15.138  render           | Fra: 14 | Mem: 1M | Updating Procedurals
01:15.138  render           | Fra: 14 | Mem: 1M | Updating Background
01:15.138  render           | Fra: 14 | Mem: 1M | Updating Scene Attribute
01:15.138  render           | Fra: 14 | Mem: 1M | Updating Camera
01:15.138  render           | Fra: 14 | Mem: 1M | Updating Meshes Flags
01:15.138  render           | Fra: 14 | Mem: 1M | Updating Objects
01:15.138  render           | Fra: 14 | Mem: 1M | Updating Objects | Copying Transformations to device
01:15.138  render           | Fra: 14 | Mem: 1M | Updating Particle Systems
01:15.138  render           | Fra: 14 | Mem: 1M | Updating Particle Systems | Copying Particles to device
01:15.138  render           | Fra: 14 | Mem: 1M | Updating Meshes
01:15.138  render           | Fra: 14 | Mem: 1M | Updating Objects | Applying Static Transformations
01:15.138  render           | Fra: 14 | Mem: 1M | Updating Scene BVH | Building
01:15.138  render           | Fra: 14 | Mem: 1M | Updating Scene BVH | Building BVH
01:15.139  render           | Fra: 14 | Mem: 1M | Updating Scene BVH | Building BVH 0%
01:15.143  render           | Fra: 14 | Mem: 1M | Updating Scene BVH | Copying BVH to device
01:15.143  render           | Fra: 14 | Mem: 1M | Updating Mesh | Computing attributes
01:15.143  render           | Fra: 14 | Mem: 1M | Updating Mesh | Copying Attributes to device
01:15.143  render           | Fra: 14 | Mem: 2M | Updating Mesh | Computing normals
01:15.143  render           | Fra: 14 | Mem: 2M | Updating Mesh | Copying Mesh to device
01:15.143  render           | Fra: 14 | Mem: 2M | Updating Objects Flags
01:15.143  render           | Fra: 14 | Mem: 2M | Updating Primitive Offsets
01:15.143  render           | Fra: 14 | Mem: 2M | Updating Images
01:15.143  render           | Fra: 14 | Mem: 2M | Updating Volume
01:15.143  render           | Fra: 14 | Mem: 2M | Updating Camera Volume
01:15.143  render           | Fra: 14 | Mem: 2M | Updating Lookup Tables
01:15.143  render           | Fra: 14 | Mem: 2M | Updating Lights
01:15.143  render           | Fra: 14 | Mem: 2M | Updating Lights | Computing tree
01:15.143  render           | Fra: 14 | Mem: 2M | Updating Integrator
01:15.143  render           | Fra: 14 | Mem: 2M | Updating Film
01:15.143  render           | Fra: 14 | Mem: 2M | Updating Lookup Tables
01:15.143  render           | Fra: 14 | Mem: 2M | Updating Baking
01:15.143  render           | Fra: 14 | Mem: 2M | Updating Device | Writing constant memory
01:15.143  render           | Fra: 14 | Mem: 2M | Loading denoising kernels (may take a few minutes the first time)
01:15.143  render           | Fra: 14 | Mem: 2M | Sample 0/12
01:15.430  render           | Fra: 14 | Remaining: 00:03.15 | Mem: 26M | Sample 1/12
01:19.433  render           | Fra: 14 | Mem: 26M | Sample 12/12
01:19.433  render           | Fra: 14 | Mem: 26M | Finished
01:19.503  render           | Saved: '/home/ricardo/cvg-his-v4/docs/frontend/assets/video/frames/pulse-0014.png'
01:19.503  render           | Time: 00:04.37 (Saving: 00:00.03)
01:19.503  render           | Rendering frame 15
01:19.503  render           | Start rendering: Scene, ViewLayer
01:19.503  render           | Engine: Cycles
01:19.505  render           | Fra: 15 | Mem: 0M | Synchronizing object | Orbita principal
01:19.505  render           | Fra: 15 | Mem: 0M | Synchronizing object | Detalhe champagne
01:19.505  render           | Fra: 15 | Mem: 0M | Synchronizing object | Key
01:19.505  render           | Fra: 15 | Mem: 0M | Synchronizing object | Plane
01:19.505  render           | Fra: 15 | Mem: 0M | Initializing
01:19.506  render           | Fra: 15 | Mem: 0M | Waiting for render to start
01:19.506  render           | Fra: 15 | Mem: 0M | Updating Scene
01:19.506  render           | Fra: 15 | Mem: 0M | Updating Shaders
01:19.506  render           | Fra: 15 | Mem: 0M | Loading render kernels (may take a few minutes the first time)
01:19.506  render           | Fra: 15 | Mem: 1M | Updating Procedurals
01:19.506  render           | Fra: 15 | Mem: 1M | Updating Background
01:19.506  render           | Fra: 15 | Mem: 1M | Updating Scene Attribute
01:19.506  render           | Fra: 15 | Mem: 1M | Updating Camera
01:19.506  render           | Fra: 15 | Mem: 1M | Updating Meshes Flags
01:19.506  render           | Fra: 15 | Mem: 1M | Updating Objects
01:19.506  render           | Fra: 15 | Mem: 1M | Updating Objects | Copying Transformations to device
01:19.506  render           | Fra: 15 | Mem: 1M | Updating Particle Systems
01:19.506  render           | Fra: 15 | Mem: 1M | Updating Particle Systems | Copying Particles to device
01:19.506  render           | Fra: 15 | Mem: 1M | Updating Meshes
01:19.506  render           | Fra: 15 | Mem: 1M | Updating Objects | Applying Static Transformations
01:19.506  render           | Fra: 15 | Mem: 1M | Updating Scene BVH | Building
01:19.506  render           | Fra: 15 | Mem: 1M | Updating Scene BVH | Building BVH
01:19.506  render           | Fra: 15 | Mem: 1M | Updating Scene BVH | Building BVH 0%
01:19.509  render           | Fra: 15 | Mem: 1M | Updating Scene BVH | Copying BVH to device
01:19.509  render           | Fra: 15 | Mem: 1M | Updating Mesh | Computing attributes
01:19.509  render           | Fra: 15 | Mem: 1M | Updating Mesh | Copying Attributes to device
01:19.509  render           | Fra: 15 | Mem: 2M | Updating Mesh | Computing normals
01:19.509  render           | Fra: 15 | Mem: 2M | Updating Mesh | Copying Mesh to device
01:19.509  render           | Fra: 15 | Mem: 2M | Updating Objects Flags
01:19.509  render           | Fra: 15 | Mem: 2M | Updating Primitive Offsets
01:19.509  render           | Fra: 15 | Mem: 2M | Updating Images
01:19.509  render           | Fra: 15 | Mem: 2M | Updating Volume
01:19.509  render           | Fra: 15 | Mem: 2M | Updating Camera Volume
01:19.509  render           | Fra: 15 | Mem: 2M | Updating Lookup Tables
01:19.509  render           | Fra: 15 | Mem: 2M | Updating Lights
01:19.509  render           | Fra: 15 | Mem: 2M | Updating Lights | Computing tree
01:19.509  render           | Fra: 15 | Mem: 2M | Updating Integrator
01:19.509  render           | Fra: 15 | Mem: 2M | Updating Film
01:19.509  render           | Fra: 15 | Mem: 2M | Updating Lookup Tables
01:19.509  render           | Fra: 15 | Mem: 2M | Updating Baking
01:19.509  render           | Fra: 15 | Mem: 2M | Updating Device | Writing constant memory
01:19.509  render           | Fra: 15 | Mem: 2M | Loading denoising kernels (may take a few minutes the first time)
01:19.509  render           | Fra: 15 | Mem: 2M | Sample 0/12
01:19.648  render           | Fra: 15 | Remaining: 00:01.53 | Mem: 26M | Sample 1/12
01:24.152  render           | Fra: 15 | Mem: 26M | Sample 12/12
01:24.152  render           | Fra: 15 | Mem: 26M | Finished
01:24.247  render           | Saved: '/home/ricardo/cvg-his-v4/docs/frontend/assets/video/frames/pulse-0015.png'
01:24.247  render           | Time: 00:04.74 (Saving: 00:00.05)
01:24.247  render           | Rendering frame 16
01:24.247  render           | Start rendering: Scene, ViewLayer
01:24.247  render           | Engine: Cycles
01:24.250  render           | Fra: 16 | Mem: 0M | Synchronizing object | Orbita principal
01:24.250  render           | Fra: 16 | Mem: 0M | Synchronizing object | Cyan
01:24.250  render           | Fra: 16 | Mem: 0M | Synchronizing object | Plane
01:24.250  render           | Fra: 16 | Mem: 0M | Synchronizing object | Key
01:24.251  render           | Fra: 16 | Mem: 0M | Initializing
01:24.251  render           | Fra: 16 | Mem: 0M | Waiting for render to start
01:24.251  render           | Fra: 16 | Mem: 0M | Updating Scene
01:24.251  render           | Fra: 16 | Mem: 0M | Updating Shaders
01:24.251  render           | Fra: 16 | Mem: 0M | Loading render kernels (may take a few minutes the first time)
01:24.252  render           | Fra: 16 | Mem: 1M | Updating Procedurals
01:24.252  render           | Fra: 16 | Mem: 1M | Updating Background
01:24.252  render           | Fra: 16 | Mem: 1M | Updating Scene Attribute
01:24.252  render           | Fra: 16 | Mem: 1M | Updating Camera
01:24.252  render           | Fra: 16 | Mem: 1M | Updating Meshes Flags
01:24.252  render           | Fra: 16 | Mem: 1M | Updating Objects
01:24.252  render           | Fra: 16 | Mem: 1M | Updating Objects | Copying Transformations to device
01:24.252  render           | Fra: 16 | Mem: 1M | Updating Particle Systems
01:24.252  render           | Fra: 16 | Mem: 1M | Updating Particle Systems | Copying Particles to device
01:24.252  render           | Fra: 16 | Mem: 1M | Updating Meshes
01:24.252  render           | Fra: 16 | Mem: 1M | Updating Objects | Applying Static Transformations
01:24.252  render           | Fra: 16 | Mem: 1M | Updating Scene BVH | Building
01:24.252  render           | Fra: 16 | Mem: 1M | Updating Scene BVH | Building BVH
01:24.252  render           | Fra: 16 | Mem: 1M | Updating Scene BVH | Building BVH 0%
01:24.257  render           | Fra: 16 | Mem: 1M | Updating Scene BVH | Copying BVH to device
01:24.258  render           | Fra: 16 | Mem: 1M | Updating Mesh | Computing attributes
01:24.258  render           | Fra: 16 | Mem: 1M | Updating Mesh | Copying Attributes to device
01:24.258  render           | Fra: 16 | Mem: 2M | Updating Mesh | Computing normals
01:24.258  render           | Fra: 16 | Mem: 2M | Updating Mesh | Copying Mesh to device
01:24.258  render           | Fra: 16 | Mem: 2M | Updating Objects Flags
01:24.258  render           | Fra: 16 | Mem: 2M | Updating Primitive Offsets
01:24.258  render           | Fra: 16 | Mem: 2M | Updating Images
01:24.258  render           | Fra: 16 | Mem: 2M | Updating Volume
01:24.258  render           | Fra: 16 | Mem: 2M | Updating Camera Volume
01:24.258  render           | Fra: 16 | Mem: 2M | Updating Lookup Tables
01:24.258  render           | Fra: 16 | Mem: 2M | Updating Lights
01:24.258  render           | Fra: 16 | Mem: 2M | Updating Lights | Computing tree
01:24.258  render           | Fra: 16 | Mem: 2M | Updating Integrator
01:24.258  render           | Fra: 16 | Mem: 2M | Updating Film
01:24.258  render           | Fra: 16 | Mem: 2M | Updating Lookup Tables
01:24.258  render           | Fra: 16 | Mem: 2M | Updating Baking
01:24.258  render           | Fra: 16 | Mem: 2M | Updating Device | Writing constant memory
01:24.258  render           | Fra: 16 | Mem: 2M | Loading denoising kernels (may take a few minutes the first time)
01:24.258  render           | Fra: 16 | Mem: 2M | Sample 0/12
01:24.540  render           | Fra: 16 | Remaining: 00:03.10 | Mem: 26M | Sample 1/12
01:29.313  render           | Fra: 16 | Mem: 26M | Sample 12/12
01:29.313  render           | Fra: 16 | Mem: 26M | Finished
01:29.369  render           | Saved: '/home/ricardo/cvg-his-v4/docs/frontend/assets/video/frames/pulse-0016.png'
01:29.369  render           | Time: 00:05.12 (Saving: 00:00.03)
01:29.369  render           | Rendering frame 17
01:29.369  render           | Start rendering: Scene, ViewLayer
01:29.369  render           | Engine: Cycles
01:29.373  render           | Fra: 17 | Mem: 0M | Synchronizing object | Cyan
01:29.373  render           | Fra: 17 | Mem: 0M | Synchronizing object | Key
01:29.373  render           | Fra: 17 | Mem: 0M | Synchronizing object | Plane
01:29.373  render           | Fra: 17 | Mem: 0M | Synchronizing object | Detalhe champagne
01:29.373  render           | Fra: 17 | Mem: 0M | Synchronizing object | Arco mineral
01:29.374  render           | Fra: 17 | Mem: 0M | Synchronizing object | Orbita principal
01:29.374  render           | Fra: 17 | Mem: 0M | Initializing
01:29.374  render           | Fra: 17 | Mem: 0M | Waiting for render to start
01:29.374  render           | Fra: 17 | Mem: 0M | Updating Scene
01:29.374  render           | Fra: 17 | Mem: 0M | Updating Shaders
01:29.374  render           | Fra: 17 | Mem: 0M | Loading render kernels (may take a few minutes the first time)
01:29.374  render           | Fra: 17 | Mem: 1M | Updating Procedurals
01:29.374  render           | Fra: 17 | Mem: 1M | Updating Background
01:29.374  render           | Fra: 17 | Mem: 1M | Updating Scene Attribute
01:29.374  render           | Fra: 17 | Mem: 1M | Updating Camera
01:29.374  render           | Fra: 17 | Mem: 1M | Updating Meshes Flags
01:29.374  render           | Fra: 17 | Mem: 1M | Updating Objects
01:29.374  render           | Fra: 17 | Mem: 1M | Updating Objects | Copying Transformations to device
01:29.374  render           | Fra: 17 | Mem: 1M | Updating Particle Systems
01:29.374  render           | Fra: 17 | Mem: 1M | Updating Particle Systems | Copying Particles to device
01:29.374  render           | Fra: 17 | Mem: 1M | Updating Meshes
01:29.374  render           | Fra: 17 | Mem: 1M | Updating Objects | Applying Static Transformations
01:29.375  render           | Fra: 17 | Mem: 1M | Updating Scene BVH | Building
01:29.375  render           | Fra: 17 | Mem: 1M | Updating Scene BVH | Building BVH
01:29.375  render           | Fra: 17 | Mem: 1M | Updating Scene BVH | Building BVH 0%
01:29.380  render           | Fra: 17 | Mem: 1M | Updating Scene BVH | Copying BVH to device
01:29.380  render           | Fra: 17 | Mem: 1M | Updating Mesh | Computing attributes
01:29.380  render           | Fra: 17 | Mem: 1M | Updating Mesh | Copying Attributes to device
01:29.380  render           | Fra: 17 | Mem: 2M | Updating Mesh | Computing normals
01:29.380  render           | Fra: 17 | Mem: 2M | Updating Mesh | Copying Mesh to device
01:29.380  render           | Fra: 17 | Mem: 2M | Updating Objects Flags
01:29.380  render           | Fra: 17 | Mem: 2M | Updating Primitive Offsets
01:29.380  render           | Fra: 17 | Mem: 2M | Updating Images
01:29.380  render           | Fra: 17 | Mem: 2M | Updating Volume
01:29.380  render           | Fra: 17 | Mem: 2M | Updating Camera Volume
01:29.380  render           | Fra: 17 | Mem: 2M | Updating Lookup Tables
01:29.380  render           | Fra: 17 | Mem: 2M | Updating Lights
01:29.380  render           | Fra: 17 | Mem: 2M | Updating Lights | Computing tree
01:29.380  render           | Fra: 17 | Mem: 2M | Updating Integrator
01:29.380  render           | Fra: 17 | Mem: 2M | Updating Film
01:29.381  render           | Fra: 17 | Mem: 2M | Updating Lookup Tables
01:29.381  render           | Fra: 17 | Mem: 2M | Updating Baking
01:29.381  render           | Fra: 17 | Mem: 2M | Updating Device | Writing constant memory
01:29.381  render           | Fra: 17 | Mem: 2M | Loading denoising kernels (may take a few minutes the first time)
01:29.381  render           | Fra: 17 | Mem: 2M | Sample 0/12
01:29.609  render           | Fra: 17 | Remaining: 00:02.50 | Mem: 26M | Sample 1/12
01:33.872  render           | Fra: 17 | Mem: 26M | Sample 12/12
01:33.872  render           | Fra: 17 | Mem: 26M | Finished
01:33.932  render           | Saved: '/home/ricardo/cvg-his-v4/docs/frontend/assets/video/frames/pulse-0017.png'
01:33.932  render           | Time: 00:04.56 (Saving: 00:00.03)
01:33.932  render           | Rendering frame 18
01:33.933  render           | Start rendering: Scene, ViewLayer
01:33.933  render           | Engine: Cycles
01:33.934  render           | Fra: 18 | Mem: 0M | Synchronizing object | Orbita principal
01:33.934  render           | Fra: 18 | Mem: 0M | Synchronizing object | Arco mineral
01:33.934  render           | Fra: 18 | Mem: 0M | Synchronizing object | Cyan
01:33.934  render           | Fra: 18 | Mem: 0M | Initializing
01:33.934  render           | Fra: 18 | Mem: 0M | Waiting for render to start
01:33.934  render           | Fra: 18 | Mem: 0M | Updating Scene
01:33.934  render           | Fra: 18 | Mem: 0M | Updating Shaders
01:33.935  render           | Fra: 18 | Mem: 0M | Loading render kernels (may take a few minutes the first time)
01:33.935  render           | Fra: 18 | Mem: 1M | Updating Procedurals
01:33.935  render           | Fra: 18 | Mem: 1M | Updating Background
01:33.935  render           | Fra: 18 | Mem: 1M | Updating Scene Attribute
01:33.935  render           | Fra: 18 | Mem: 1M | Updating Camera
01:33.935  render           | Fra: 18 | Mem: 1M | Updating Meshes Flags
01:33.935  render           | Fra: 18 | Mem: 1M | Updating Objects
01:33.935  render           | Fra: 18 | Mem: 1M | Updating Objects | Copying Transformations to device
01:33.935  render           | Fra: 18 | Mem: 1M | Updating Particle Systems
01:33.935  render           | Fra: 18 | Mem: 1M | Updating Particle Systems | Copying Particles to device
01:33.935  render           | Fra: 18 | Mem: 1M | Updating Meshes
01:33.935  render           | Fra: 18 | Mem: 1M | Updating Objects | Applying Static Transformations
01:33.935  render           | Fra: 18 | Mem: 1M | Updating Scene BVH | Building
01:33.935  render           | Fra: 18 | Mem: 1M | Updating Scene BVH | Building BVH
01:33.935  render           | Fra: 18 | Mem: 1M | Updating Scene BVH | Building BVH 0%
01:33.937  render           | Fra: 18 | Mem: 1M | Updating Scene BVH | Copying BVH to device
01:33.937  render           | Fra: 18 | Mem: 1M | Updating Mesh | Computing attributes
01:33.937  render           | Fra: 18 | Mem: 1M | Updating Mesh | Copying Attributes to device
01:33.937  render           | Fra: 18 | Mem: 2M | Updating Mesh | Computing normals
01:33.937  render           | Fra: 18 | Mem: 2M | Updating Mesh | Copying Mesh to device
01:33.937  render           | Fra: 18 | Mem: 2M | Updating Objects Flags
01:33.937  render           | Fra: 18 | Mem: 2M | Updating Primitive Offsets
01:33.937  render           | Fra: 18 | Mem: 2M | Updating Images
01:33.937  render           | Fra: 18 | Mem: 2M | Updating Volume
01:33.937  render           | Fra: 18 | Mem: 2M | Updating Camera Volume
01:33.937  render           | Fra: 18 | Mem: 2M | Updating Lookup Tables
01:33.937  render           | Fra: 18 | Mem: 2M | Updating Lights
01:33.937  render           | Fra: 18 | Mem: 2M | Updating Lights | Computing tree
01:33.937  render           | Fra: 18 | Mem: 2M | Updating Integrator
01:33.937  render           | Fra: 18 | Mem: 2M | Updating Film
01:33.937  render           | Fra: 18 | Mem: 2M | Updating Lookup Tables
01:33.937  render           | Fra: 18 | Mem: 2M | Updating Baking
01:33.937  render           | Fra: 18 | Mem: 2M | Updating Device | Writing constant memory
01:33.937  render           | Fra: 18 | Mem: 2M | Loading denoising kernels (may take a few minutes the first time)
01:33.937  render           | Fra: 18 | Mem: 2M | Sample 0/12
01:34.071  render           | Fra: 18 | Remaining: 00:01.46 | Mem: 26M | Sample 1/12
01:38.154  render           | Fra: 18 | Mem: 26M | Sample 12/12
01:38.154  render           | Fra: 18 | Mem: 26M | Finished
01:38.240  render           | Saved: '/home/ricardo/cvg-his-v4/docs/frontend/assets/video/frames/pulse-0018.png'
01:38.240  render           | Time: 00:04.30 (Saving: 00:00.04)
01:38.240  render           | Rendering frame 19
01:38.240  render           | Start rendering: Scene, ViewLayer
01:38.240  render           | Engine: Cycles
01:38.243  render           | Fra: 19 | Mem: 0M | Synchronizing object | Orbita principal
01:38.243  render           | Fra: 19 | Mem: 0M | Synchronizing object | Cyan
01:38.243  render           | Fra: 19 | Mem: 0M | Synchronizing object | Plane
01:38.243  render           | Fra: 19 | Mem: 0M | Synchronizing object | Key
01:38.244  render           | Fra: 19 | Mem: 0M | Initializing
01:38.244  render           | Fra: 19 | Mem: 0M | Waiting for render to start
01:38.244  render           | Fra: 19 | Mem: 0M | Updating Scene
01:38.244  render           | Fra: 19 | Mem: 0M | Updating Shaders
01:38.244  render           | Fra: 19 | Mem: 0M | Loading render kernels (may take a few minutes the first time)
01:38.245  render           | Fra: 19 | Mem: 1M | Updating Procedurals
01:38.245  render           | Fra: 19 | Mem: 1M | Updating Background
01:38.245  render           | Fra: 19 | Mem: 1M | Updating Scene Attribute
01:38.245  render           | Fra: 19 | Mem: 1M | Updating Camera
01:38.245  render           | Fra: 19 | Mem: 1M | Updating Meshes Flags
01:38.245  render           | Fra: 19 | Mem: 1M | Updating Objects
01:38.245  render           | Fra: 19 | Mem: 1M | Updating Objects | Copying Transformations to device
01:38.245  render           | Fra: 19 | Mem: 1M | Updating Particle Systems
01:38.245  render           | Fra: 19 | Mem: 1M | Updating Particle Systems | Copying Particles to device
01:38.245  render           | Fra: 19 | Mem: 1M | Updating Meshes
01:38.245  render           | Fra: 19 | Mem: 1M | Updating Objects | Applying Static Transformations
01:38.245  render           | Fra: 19 | Mem: 1M | Updating Scene BVH | Building
01:38.245  render           | Fra: 19 | Mem: 1M | Updating Scene BVH | Building BVH
01:38.245  render           | Fra: 19 | Mem: 1M | Updating Scene BVH | Building BVH 0%
01:38.249  render           | Fra: 19 | Mem: 1M | Updating Scene BVH | Copying BVH to device
01:38.250  render           | Fra: 19 | Mem: 1M | Updating Mesh | Computing attributes
01:38.250  render           | Fra: 19 | Mem: 1M | Updating Mesh | Copying Attributes to device
01:38.250  render           | Fra: 19 | Mem: 2M | Updating Mesh | Computing normals
01:38.250  render           | Fra: 19 | Mem: 2M | Updating Mesh | Copying Mesh to device
01:38.250  render           | Fra: 19 | Mem: 2M | Updating Objects Flags
01:38.250  render           | Fra: 19 | Mem: 2M | Updating Primitive Offsets
01:38.250  render           | Fra: 19 | Mem: 2M | Updating Images
01:38.250  render           | Fra: 19 | Mem: 2M | Updating Volume
01:38.250  render           | Fra: 19 | Mem: 2M | Updating Camera Volume
01:38.250  render           | Fra: 19 | Mem: 2M | Updating Lookup Tables
01:38.250  render           | Fra: 19 | Mem: 2M | Updating Lights
01:38.250  render           | Fra: 19 | Mem: 2M | Updating Lights | Computing tree
01:38.250  render           | Fra: 19 | Mem: 2M | Updating Integrator
01:38.250  render           | Fra: 19 | Mem: 2M | Updating Film
01:38.250  render           | Fra: 19 | Mem: 2M | Updating Lookup Tables
01:38.250  render           | Fra: 19 | Mem: 2M | Updating Baking
01:38.250  render           | Fra: 19 | Mem: 2M | Updating Device | Writing constant memory
01:38.250  render           | Fra: 19 | Mem: 2M | Loading denoising kernels (may take a few minutes the first time)
01:38.250  render           | Fra: 19 | Mem: 2M | Sample 0/12
01:38.549  render           | Fra: 19 | Remaining: 00:03.28 | Mem: 26M | Sample 1/12
01:43.059  render           | Fra: 19 | Mem: 26M | Sample 12/12
01:43.060  render           | Fra: 19 | Mem: 26M | Finished
01:43.182  render           | Saved: '/home/ricardo/cvg-his-v4/docs/frontend/assets/video/frames/pulse-0019.png'
01:43.182  render           | Time: 00:04.94 (Saving: 00:00.05)
01:43.182  render           | Rendering frame 20
01:43.183  render           | Start rendering: Scene, ViewLayer
01:43.183  render           | Engine: Cycles
01:43.186  render           | Fra: 20 | Mem: 0M | Synchronizing object | Cyan
01:43.186  render           | Fra: 20 | Mem: 0M | Synchronizing object | Key
01:43.186  render           | Fra: 20 | Mem: 0M | Synchronizing object | Plane
01:43.186  render           | Fra: 20 | Mem: 0M | Synchronizing object | Detalhe champagne
01:43.186  render           | Fra: 20 | Mem: 0M | Synchronizing object | Arco mineral
01:43.186  render           | Fra: 20 | Mem: 0M | Synchronizing object | Orbita principal
01:43.186  render           | Fra: 20 | Mem: 0M | Initializing
01:43.186  render           | Fra: 20 | Mem: 0M | Waiting for render to start
01:43.186  render           | Fra: 20 | Mem: 0M | Updating Scene
01:43.186  render           | Fra: 20 | Mem: 0M | Updating Shaders
01:43.186  render           | Fra: 20 | Mem: 0M | Loading render kernels (may take a few minutes the first time)
01:43.187  render           | Fra: 20 | Mem: 1M | Updating Procedurals
01:43.187  render           | Fra: 20 | Mem: 1M | Updating Background
01:43.187  render           | Fra: 20 | Mem: 1M | Updating Scene Attribute
01:43.187  render           | Fra: 20 | Mem: 1M | Updating Camera
01:43.187  render           | Fra: 20 | Mem: 1M | Updating Meshes Flags
01:43.187  render           | Fra: 20 | Mem: 1M | Updating Objects
01:43.187  render           | Fra: 20 | Mem: 1M | Updating Objects | Copying Transformations to device
01:43.187  render           | Fra: 20 | Mem: 1M | Updating Particle Systems
01:43.187  render           | Fra: 20 | Mem: 1M | Updating Particle Systems | Copying Particles to device
01:43.187  render           | Fra: 20 | Mem: 1M | Updating Meshes
01:43.187  render           | Fra: 20 | Mem: 1M | Updating Objects | Applying Static Transformations
01:43.187  render           | Fra: 20 | Mem: 1M | Updating Scene BVH | Building
01:43.187  render           | Fra: 20 | Mem: 1M | Updating Scene BVH | Building BVH
01:43.187  render           | Fra: 20 | Mem: 1M | Updating Scene BVH | Building BVH 0%
01:43.191  render           | Fra: 20 | Mem: 1M | Updating Scene BVH | Copying BVH to device
01:43.191  render           | Fra: 20 | Mem: 1M | Updating Mesh | Computing attributes
01:43.191  render           | Fra: 20 | Mem: 1M | Updating Mesh | Copying Attributes to device
01:43.191  render           | Fra: 20 | Mem: 2M | Updating Mesh | Computing normals
01:43.191  render           | Fra: 20 | Mem: 2M | Updating Mesh | Copying Mesh to device
01:43.191  render           | Fra: 20 | Mem: 2M | Updating Objects Flags
01:43.191  render           | Fra: 20 | Mem: 2M | Updating Primitive Offsets
01:43.191  render           | Fra: 20 | Mem: 2M | Updating Images
01:43.191  render           | Fra: 20 | Mem: 2M | Updating Volume
01:43.191  render           | Fra: 20 | Mem: 2M | Updating Camera Volume
01:43.191  render           | Fra: 20 | Mem: 2M | Updating Lookup Tables
01:43.191  render           | Fra: 20 | Mem: 2M | Updating Lights
01:43.191  render           | Fra: 20 | Mem: 2M | Updating Lights | Computing tree
01:43.191  render           | Fra: 20 | Mem: 2M | Updating Integrator
01:43.191  render           | Fra: 20 | Mem: 2M | Updating Film
01:43.191  render           | Fra: 20 | Mem: 2M | Updating Lookup Tables
01:43.191  render           | Fra: 20 | Mem: 2M | Updating Baking
01:43.191  render           | Fra: 20 | Mem: 2M | Updating Device | Writing constant memory
01:43.191  render           | Fra: 20 | Mem: 2M | Loading denoising kernels (may take a few minutes the first time)
01:43.191  render           | Fra: 20 | Mem: 2M | Sample 0/12
01:43.420  render           | Fra: 20 | Remaining: 00:02.51 | Mem: 26M | Sample 1/12
01:47.303  render           | Fra: 20 | Mem: 26M | Sample 12/12
01:47.303  render           | Fra: 20 | Mem: 26M | Finished
01:47.359  render           | Saved: '/home/ricardo/cvg-his-v4/docs/frontend/assets/video/frames/pulse-0020.png'
01:47.359  render           | Time: 00:04.17 (Saving: 00:00.03)
01:47.359  render           | Rendering frame 21
01:47.360  render           | Start rendering: Scene, ViewLayer
01:47.360  render           | Engine: Cycles
01:47.361  render           | Fra: 21 | Mem: 0M | Synchronizing object | Orbita principal
01:47.361  render           | Fra: 21 | Mem: 0M | Synchronizing object | Detalhe champagne
01:47.361  render           | Fra: 21 | Mem: 0M | Synchronizing object | Cyan
01:47.361  render           | Fra: 21 | Mem: 0M | Synchronizing object | Key
01:47.361  render           | Fra: 21 | Mem: 0M | Initializing
01:47.362  render           | Fra: 21 | Mem: 0M | Waiting for render to start
01:47.362  render           | Fra: 21 | Mem: 0M | Updating Scene
01:47.362  render           | Fra: 21 | Mem: 0M | Updating Shaders
01:47.362  render           | Fra: 21 | Mem: 0M | Loading render kernels (may take a few minutes the first time)
01:47.362  render           | Fra: 21 | Mem: 1M | Updating Procedurals
01:47.362  render           | Fra: 21 | Mem: 1M | Updating Background
01:47.362  render           | Fra: 21 | Mem: 1M | Updating Scene Attribute
01:47.362  render           | Fra: 21 | Mem: 1M | Updating Camera
01:47.362  render           | Fra: 21 | Mem: 1M | Updating Meshes Flags
01:47.362  render           | Fra: 21 | Mem: 1M | Updating Objects
01:47.362  render           | Fra: 21 | Mem: 1M | Updating Objects | Copying Transformations to device
01:47.362  render           | Fra: 21 | Mem: 1M | Updating Particle Systems
01:47.362  render           | Fra: 21 | Mem: 1M | Updating Particle Systems | Copying Particles to device
01:47.362  render           | Fra: 21 | Mem: 1M | Updating Meshes
01:47.362  render           | Fra: 21 | Mem: 1M | Updating Objects | Applying Static Transformations
01:47.362  render           | Fra: 21 | Mem: 1M | Updating Scene BVH | Building
01:47.362  render           | Fra: 21 | Mem: 1M | Updating Scene BVH | Building BVH
01:47.362  render           | Fra: 21 | Mem: 1M | Updating Scene BVH | Building BVH 0%
01:47.364  render           | Fra: 21 | Mem: 1M | Updating Scene BVH | Copying BVH to device
01:47.364  render           | Fra: 21 | Mem: 1M | Updating Mesh | Computing attributes
01:47.364  render           | Fra: 21 | Mem: 1M | Updating Mesh | Copying Attributes to device
01:47.364  render           | Fra: 21 | Mem: 2M | Updating Mesh | Computing normals
01:47.365  render           | Fra: 21 | Mem: 2M | Updating Mesh | Copying Mesh to device
01:47.365  render           | Fra: 21 | Mem: 2M | Updating Objects Flags
01:47.365  render           | Fra: 21 | Mem: 2M | Updating Primitive Offsets
01:47.365  render           | Fra: 21 | Mem: 2M | Updating Images
01:47.365  render           | Fra: 21 | Mem: 2M | Updating Volume
01:47.365  render           | Fra: 21 | Mem: 2M | Updating Camera Volume
01:47.365  render           | Fra: 21 | Mem: 2M | Updating Lookup Tables
01:47.365  render           | Fra: 21 | Mem: 2M | Updating Lights
01:47.365  render           | Fra: 21 | Mem: 2M | Updating Lights | Computing tree
01:47.365  render           | Fra: 21 | Mem: 2M | Updating Integrator
01:47.365  render           | Fra: 21 | Mem: 2M | Updating Film
01:47.365  render           | Fra: 21 | Mem: 2M | Updating Lookup Tables
01:47.365  render           | Fra: 21 | Mem: 2M | Updating Baking
01:47.365  render           | Fra: 21 | Mem: 2M | Updating Device | Writing constant memory
01:47.365  render           | Fra: 21 | Mem: 2M | Loading denoising kernels (may take a few minutes the first time)
01:47.365  render           | Fra: 21 | Mem: 2M | Sample 0/12
01:47.579  render           | Fra: 21 | Remaining: 00:02.35 | Mem: 26M | Sample 1/12
01:52.083  render           | Fra: 21 | Mem: 26M | Sample 12/12
01:52.083  render           | Fra: 21 | Mem: 26M | Finished
01:52.144  render           | Saved: '/home/ricardo/cvg-his-v4/docs/frontend/assets/video/frames/pulse-0021.png'
01:52.144  render           | Time: 00:04.78 (Saving: 00:00.03)
01:52.144  render           | Rendering frame 22
01:52.144  render           | Start rendering: Scene, ViewLayer
01:52.144  render           | Engine: Cycles
01:52.147  render           | Fra: 22 | Mem: 0M | Synchronizing object | Orbita principal
01:52.147  render           | Fra: 22 | Mem: 0M | Synchronizing object | Detalhe champagne
01:52.147  render           | Fra: 22 | Mem: 0M | Synchronizing object | Key
01:52.147  render           | Fra: 22 | Mem: 0M | Synchronizing object | Plane
01:52.147  render           | Fra: 22 | Mem: 0M | Initializing
01:52.147  render           | Fra: 22 | Mem: 0M | Waiting for render to start
01:52.147  render           | Fra: 22 | Mem: 0M | Updating Scene
01:52.147  render           | Fra: 22 | Mem: 0M | Updating Shaders
01:52.147  render           | Fra: 22 | Mem: 0M | Loading render kernels (may take a few minutes the first time)
01:52.147  render           | Fra: 22 | Mem: 1M | Updating Procedurals
01:52.147  render           | Fra: 22 | Mem: 1M | Updating Background
01:52.147  render           | Fra: 22 | Mem: 1M | Updating Scene Attribute
01:52.147  render           | Fra: 22 | Mem: 1M | Updating Camera
01:52.148  render           | Fra: 22 | Mem: 1M | Updating Meshes Flags
01:52.148  render           | Fra: 22 | Mem: 1M | Updating Objects
01:52.148  render           | Fra: 22 | Mem: 1M | Updating Objects | Copying Transformations to device
01:52.148  render           | Fra: 22 | Mem: 1M | Updating Particle Systems
01:52.148  render           | Fra: 22 | Mem: 1M | Updating Particle Systems | Copying Particles to device
01:52.148  render           | Fra: 22 | Mem: 1M | Updating Meshes
01:52.148  render           | Fra: 22 | Mem: 1M | Updating Objects | Applying Static Transformations
01:52.148  render           | Fra: 22 | Mem: 1M | Updating Scene BVH | Building
01:52.148  render           | Fra: 22 | Mem: 1M | Updating Scene BVH | Building BVH
01:52.148  render           | Fra: 22 | Mem: 1M | Updating Scene BVH | Building BVH 0%
01:52.152  render           | Fra: 22 | Mem: 1M | Updating Scene BVH | Copying BVH to device
01:52.153  render           | Fra: 22 | Mem: 1M | Updating Mesh | Computing attributes
01:52.153  render           | Fra: 22 | Mem: 1M | Updating Mesh | Copying Attributes to device
01:52.153  render           | Fra: 22 | Mem: 2M | Updating Mesh | Computing normals
01:52.153  render           | Fra: 22 | Mem: 2M | Updating Mesh | Copying Mesh to device
01:52.153  render           | Fra: 22 | Mem: 2M | Updating Objects Flags
01:52.153  render           | Fra: 22 | Mem: 2M | Updating Primitive Offsets
01:52.153  render           | Fra: 22 | Mem: 2M | Updating Images
01:52.153  render           | Fra: 22 | Mem: 2M | Updating Volume
01:52.153  render           | Fra: 22 | Mem: 2M | Updating Camera Volume
01:52.153  render           | Fra: 22 | Mem: 2M | Updating Lookup Tables
01:52.153  render           | Fra: 22 | Mem: 2M | Updating Lights
01:52.153  render           | Fra: 22 | Mem: 2M | Updating Lights | Computing tree
01:52.153  render           | Fra: 22 | Mem: 2M | Updating Integrator
01:52.153  render           | Fra: 22 | Mem: 2M | Updating Film
01:52.153  render           | Fra: 22 | Mem: 2M | Updating Lookup Tables
01:52.153  render           | Fra: 22 | Mem: 2M | Updating Baking
01:52.153  render           | Fra: 22 | Mem: 2M | Updating Device | Writing constant memory
01:52.153  render           | Fra: 22 | Mem: 2M | Loading denoising kernels (may take a few minutes the first time)
01:52.153  render           | Fra: 22 | Mem: 2M | Sample 0/12
01:52.424  render           | Fra: 22 | Remaining: 00:02.98 | Mem: 26M | Sample 1/12
01:56.603  render           | Fra: 22 | Mem: 26M | Sample 12/12
01:56.603  render           | Fra: 22 | Mem: 26M | Finished
01:56.655  render           | Saved: '/home/ricardo/cvg-his-v4/docs/frontend/assets/video/frames/pulse-0022.png'
01:56.655  render           | Time: 00:04.51 (Saving: 00:00.03)
01:56.655  render           | Rendering frame 23
01:56.656  render           | Start rendering: Scene, ViewLayer
01:56.656  render           | Engine: Cycles
01:56.657  render           | Fra: 23 | Mem: 0M | Synchronizing object | Orbita principal
01:56.657  render           | Fra: 23 | Mem: 0M | Synchronizing object | Cyan
01:56.657  render           | Fra: 23 | Mem: 0M | Synchronizing object | Arco mineral
01:56.657  render           | Fra: 23 | Mem: 0M | Synchronizing object | Key
01:56.657  render           | Fra: 23 | Mem: 0M | Synchronizing object | Plane
01:56.657  render           | Fra: 23 | Mem: 0M | Synchronizing object | Detalhe champagne
01:56.657  render           | Fra: 23 | Mem: 0M | Initializing
01:56.658  render           | Fra: 23 | Mem: 0M | Waiting for render to start
01:56.658  render           | Fra: 23 | Mem: 0M | Updating Scene
01:56.658  render           | Fra: 23 | Mem: 0M | Updating Shaders
01:56.658  render           | Fra: 23 | Mem: 0M | Loading render kernels (may take a few minutes the first time)
01:56.658  render           | Fra: 23 | Mem: 1M | Updating Procedurals
01:56.658  render           | Fra: 23 | Mem: 1M | Updating Background
01:56.658  render           | Fra: 23 | Mem: 1M | Updating Scene Attribute
01:56.658  render           | Fra: 23 | Mem: 1M | Updating Camera
01:56.658  render           | Fra: 23 | Mem: 1M | Updating Meshes Flags
01:56.658  render           | Fra: 23 | Mem: 1M | Updating Objects
01:56.658  render           | Fra: 23 | Mem: 1M | Updating Objects | Copying Transformations to device
01:56.658  render           | Fra: 23 | Mem: 1M | Updating Particle Systems
01:56.658  render           | Fra: 23 | Mem: 1M | Updating Particle Systems | Copying Particles to device
01:56.658  render           | Fra: 23 | Mem: 1M | Updating Meshes
01:56.658  render           | Fra: 23 | Mem: 1M | Updating Objects | Applying Static Transformations
01:56.658  render           | Fra: 23 | Mem: 1M | Updating Scene BVH | Building
01:56.658  render           | Fra: 23 | Mem: 1M | Updating Scene BVH | Building BVH
01:56.658  render           | Fra: 23 | Mem: 1M | Updating Scene BVH | Building BVH 0%
01:56.661  render           | Fra: 23 | Mem: 1M | Updating Scene BVH | Copying BVH to device
01:56.661  render           | Fra: 23 | Mem: 1M | Updating Mesh | Computing attributes
01:56.661  render           | Fra: 23 | Mem: 1M | Updating Mesh | Copying Attributes to device
01:56.661  render           | Fra: 23 | Mem: 2M | Updating Mesh | Computing normals
01:56.661  render           | Fra: 23 | Mem: 2M | Updating Mesh | Copying Mesh to device
01:56.661  render           | Fra: 23 | Mem: 2M | Updating Objects Flags
01:56.661  render           | Fra: 23 | Mem: 2M | Updating Primitive Offsets
01:56.661  render           | Fra: 23 | Mem: 2M | Updating Images
01:56.661  render           | Fra: 23 | Mem: 2M | Updating Volume
01:56.661  render           | Fra: 23 | Mem: 2M | Updating Camera Volume
01:56.661  render           | Fra: 23 | Mem: 2M | Updating Lookup Tables
01:56.661  render           | Fra: 23 | Mem: 2M | Updating Lights
01:56.661  render           | Fra: 23 | Mem: 2M | Updating Lights | Computing tree
01:56.661  render           | Fra: 23 | Mem: 2M | Updating Integrator
01:56.661  render           | Fra: 23 | Mem: 2M | Updating Film
01:56.661  render           | Fra: 23 | Mem: 2M | Updating Lookup Tables
01:56.661  render           | Fra: 23 | Mem: 2M | Updating Baking
01:56.661  render           | Fra: 23 | Mem: 2M | Updating Device | Writing constant memory
01:56.661  render           | Fra: 23 | Mem: 2M | Loading denoising kernels (may take a few minutes the first time)
01:56.661  render           | Fra: 23 | Mem: 2M | Sample 0/12
01:56.877  render           | Fra: 23 | Remaining: 00:02.37 | Mem: 26M | Sample 1/12
02:00.676  render           | Fra: 23 | Mem: 26M | Sample 12/12
02:00.677  render           | Fra: 23 | Mem: 26M | Finished
02:00.768  render           | Saved: '/home/ricardo/cvg-his-v4/docs/frontend/assets/video/frames/pulse-0023.png'
02:00.768  render           | Time: 00:04.11 (Saving: 00:00.04)
02:00.768  render           | Rendering frame 24
02:00.769  render           | Start rendering: Scene, ViewLayer
02:00.769  render           | Engine: Cycles
02:00.771  render           | Fra: 24 | Mem: 0M | Synchronizing object | Cyan
02:00.771  render           | Fra: 24 | Mem: 0M | Synchronizing object | Arco mineral
02:00.771  render           | Fra: 24 | Mem: 0M | Synchronizing object | Key
02:00.771  render           | Fra: 24 | Mem: 0M | Synchronizing object | Plane
02:00.771  render           | Fra: 24 | Mem: 0M | Synchronizing object | Detalhe champagne
02:00.771  render           | Fra: 24 | Mem: 0M | Initializing
02:00.772  render           | Fra: 24 | Mem: 0M | Waiting for render to start
02:00.772  render           | Fra: 24 | Mem: 0M | Updating Scene
02:00.772  render           | Fra: 24 | Mem: 0M | Updating Shaders
02:00.772  render           | Fra: 24 | Mem: 0M | Loading render kernels (may take a few minutes the first time)
02:00.772  render           | Fra: 24 | Mem: 1M | Updating Procedurals
02:00.772  render           | Fra: 24 | Mem: 1M | Updating Background
02:00.772  render           | Fra: 24 | Mem: 1M | Updating Scene Attribute
02:00.772  render           | Fra: 24 | Mem: 1M | Updating Camera
02:00.772  render           | Fra: 24 | Mem: 1M | Updating Meshes Flags
02:00.772  render           | Fra: 24 | Mem: 1M | Updating Objects
02:00.772  render           | Fra: 24 | Mem: 1M | Updating Objects | Copying Transformations to device
02:00.772  render           | Fra: 24 | Mem: 1M | Updating Particle Systems
02:00.772  render           | Fra: 24 | Mem: 1M | Updating Particle Systems | Copying Particles to device
02:00.772  render           | Fra: 24 | Mem: 1M | Updating Meshes
02:00.772  render           | Fra: 24 | Mem: 1M | Updating Objects | Applying Static Transformations
02:00.772  render           | Fra: 24 | Mem: 1M | Updating Scene BVH | Building
02:00.772  render           | Fra: 24 | Mem: 1M | Updating Scene BVH | Building BVH
02:00.773  render           | Fra: 24 | Mem: 1M | Updating Scene BVH | Building BVH 0%
02:00.777  render           | Fra: 24 | Mem: 1M | Updating Scene BVH | Copying BVH to device
02:00.777  render           | Fra: 24 | Mem: 1M | Updating Mesh | Computing attributes
02:00.777  render           | Fra: 24 | Mem: 1M | Updating Mesh | Copying Attributes to device
02:00.777  render           | Fra: 24 | Mem: 2M | Updating Mesh | Computing normals
02:00.777  render           | Fra: 24 | Mem: 2M | Updating Mesh | Copying Mesh to device
02:00.778  render           | Fra: 24 | Mem: 2M | Updating Objects Flags
02:00.778  render           | Fra: 24 | Mem: 2M | Updating Primitive Offsets
02:00.778  render           | Fra: 24 | Mem: 2M | Updating Images
02:00.778  render           | Fra: 24 | Mem: 2M | Updating Volume
02:00.778  render           | Fra: 24 | Mem: 2M | Updating Camera Volume
02:00.778  render           | Fra: 24 | Mem: 2M | Updating Lookup Tables
02:00.778  render           | Fra: 24 | Mem: 2M | Updating Lights
02:00.778  render           | Fra: 24 | Mem: 2M | Updating Lights | Computing tree
02:00.778  render           | Fra: 24 | Mem: 2M | Updating Integrator
02:00.778  render           | Fra: 24 | Mem: 2M | Updating Film
02:00.778  render           | Fra: 24 | Mem: 2M | Updating Lookup Tables
02:00.778  render           | Fra: 24 | Mem: 2M | Updating Baking
02:00.778  render           | Fra: 24 | Mem: 2M | Updating Device | Writing constant memory
02:00.778  render           | Fra: 24 | Mem: 2M | Loading denoising kernels (may take a few minutes the first time)
02:00.778  render           | Fra: 24 | Mem: 2M | Sample 0/12
02:01.078  render           | Fra: 24 | Remaining: 00:03.29 | Mem: 26M | Sample 1/12
02:05.872  render           | Fra: 24 | Mem: 26M | Sample 12/12
02:05.872  render           | Fra: 24 | Mem: 26M | Finished
02:05.926  render           | Saved: '/home/ricardo/cvg-his-v4/docs/frontend/assets/video/frames/pulse-0024.png'
02:05.926  render           | Time: 00:05.15 (Saving: 00:00.03)
02:05.926  render           | Rendering frame 25
02:05.926  render           | Start rendering: Scene, ViewLayer
02:05.926  render           | Engine: Cycles
02:05.930  render           | Fra: 25 | Mem: 0M | Synchronizing object | Orbita principal
02:05.930  render           | Fra: 25 | Mem: 0M | Synchronizing object | Detalhe champagne
02:05.930  render           | Fra: 25 | Mem: 0M | Synchronizing object | Cyan
02:05.930  render           | Fra: 25 | Mem: 0M | Synchronizing object | Key
02:05.930  render           | Fra: 25 | Mem: 0M | Synchronizing object | Plane
02:05.930  render           | Fra: 25 | Mem: 0M | Initializing
02:05.931  render           | Fra: 25 | Mem: 0M | Waiting for render to start
02:05.931  render           | Fra: 25 | Mem: 0M | Updating Scene
02:05.931  render           | Fra: 25 | Mem: 0M | Updating Shaders
02:05.931  render           | Fra: 25 | Mem: 0M | Loading render kernels (may take a few minutes the first time)
02:05.932  render           | Fra: 25 | Mem: 1M | Updating Procedurals
02:05.932  render           | Fra: 25 | Mem: 1M | Updating Background
02:05.932  render           | Fra: 25 | Mem: 1M | Updating Scene Attribute
02:05.932  render           | Fra: 25 | Mem: 1M | Updating Camera
02:05.932  render           | Fra: 25 | Mem: 1M | Updating Meshes Flags
02:05.932  render           | Fra: 25 | Mem: 1M | Updating Objects
02:05.932  render           | Fra: 25 | Mem: 1M | Updating Objects | Copying Transformations to device
02:05.932  render           | Fra: 25 | Mem: 1M | Updating Particle Systems
02:05.932  render           | Fra: 25 | Mem: 1M | Updating Particle Systems | Copying Particles to device
02:05.932  render           | Fra: 25 | Mem: 1M | Updating Meshes
02:05.932  render           | Fra: 25 | Mem: 1M | Updating Objects | Applying Static Transformations
02:05.932  render           | Fra: 25 | Mem: 1M | Updating Scene BVH | Building
02:05.932  render           | Fra: 25 | Mem: 1M | Updating Scene BVH | Building BVH
02:05.932  render           | Fra: 25 | Mem: 1M | Updating Scene BVH | Building BVH 0%
02:05.936  render           | Fra: 25 | Mem: 1M | Updating Scene BVH | Copying BVH to device
02:05.936  render           | Fra: 25 | Mem: 1M | Updating Mesh | Computing attributes
02:05.936  render           | Fra: 25 | Mem: 1M | Updating Mesh | Copying Attributes to device
02:05.936  render           | Fra: 25 | Mem: 2M | Updating Mesh | Computing normals
02:05.936  render           | Fra: 25 | Mem: 2M | Updating Mesh | Copying Mesh to device
02:05.936  render           | Fra: 25 | Mem: 2M | Updating Objects Flags
02:05.936  render           | Fra: 25 | Mem: 2M | Updating Primitive Offsets
02:05.936  render           | Fra: 25 | Mem: 2M | Updating Images
02:05.936  render           | Fra: 25 | Mem: 2M | Updating Volume
02:05.936  render           | Fra: 25 | Mem: 2M | Updating Camera Volume
02:05.936  render           | Fra: 25 | Mem: 2M | Updating Lookup Tables
02:05.936  render           | Fra: 25 | Mem: 2M | Updating Lights
02:05.936  render           | Fra: 25 | Mem: 2M | Updating Lights | Computing tree
02:05.936  render           | Fra: 25 | Mem: 2M | Updating Integrator
02:05.936  render           | Fra: 25 | Mem: 2M | Updating Film
02:05.936  render           | Fra: 25 | Mem: 2M | Updating Lookup Tables
02:05.936  render           | Fra: 25 | Mem: 2M | Updating Baking
02:05.936  render           | Fra: 25 | Mem: 2M | Updating Device | Writing constant memory
02:05.936  render           | Fra: 25 | Mem: 2M | Loading denoising kernels (may take a few minutes the first time)
02:05.936  render           | Fra: 25 | Mem: 2M | Sample 0/12
02:06.152  render           | Fra: 25 | Remaining: 00:02.37 | Mem: 26M | Sample 1/12
02:10.269  render           | Fra: 25 | Mem: 26M | Sample 12/12
02:10.270  render           | Fra: 25 | Mem: 26M | Finished
02:10.321  render           | Saved: '/home/ricardo/cvg-his-v4/docs/frontend/assets/video/frames/pulse-0025.png'
02:10.321  render           | Time: 00:04.39 (Saving: 00:00.02)
02:10.321  render           | Rendering frame 26
02:10.321  render           | Start rendering: Scene, ViewLayer
02:10.321  render           | Engine: Cycles
02:10.323  render           | Fra: 26 | Mem: 0M | Synchronizing object | Orbita principal
02:10.323  render           | Fra: 26 | Mem: 0M | Synchronizing object | Detalhe champagne
02:10.323  render           | Fra: 26 | Mem: 0M | Synchronizing object | Cyan
02:10.323  render           | Fra: 26 | Mem: 0M | Synchronizing object | Key
02:10.323  render           | Fra: 26 | Mem: 0M | Synchronizing object | Plane
02:10.323  render           | Fra: 26 | Mem: 0M | Initializing
02:10.323  render           | Fra: 26 | Mem: 0M | Waiting for render to start
02:10.323  render           | Fra: 26 | Mem: 0M | Updating Scene
02:10.323  render           | Fra: 26 | Mem: 0M | Updating Shaders
02:10.323  render           | Fra: 26 | Mem: 0M | Loading render kernels (may take a few minutes the first time)
02:10.323  render           | Fra: 26 | Mem: 1M | Updating Procedurals
02:10.323  render           | Fra: 26 | Mem: 1M | Updating Background
02:10.323  render           | Fra: 26 | Mem: 1M | Updating Scene Attribute
02:10.323  render           | Fra: 26 | Mem: 1M | Updating Camera
02:10.323  render           | Fra: 26 | Mem: 1M | Updating Meshes Flags
02:10.323  render           | Fra: 26 | Mem: 1M | Updating Objects
02:10.323  render           | Fra: 26 | Mem: 1M | Updating Objects | Copying Transformations to device
02:10.323  render           | Fra: 26 | Mem: 1M | Updating Particle Systems
02:10.323  render           | Fra: 26 | Mem: 1M | Updating Particle Systems | Copying Particles to device
02:10.323  render           | Fra: 26 | Mem: 1M | Updating Meshes
02:10.323  render           | Fra: 26 | Mem: 1M | Updating Objects | Applying Static Transformations
02:10.324  render           | Fra: 26 | Mem: 1M | Updating Scene BVH | Building
02:10.324  render           | Fra: 26 | Mem: 1M | Updating Scene BVH | Building BVH
02:10.324  render           | Fra: 26 | Mem: 1M | Updating Scene BVH | Building BVH 0%
02:10.326  render           | Fra: 26 | Mem: 1M | Updating Scene BVH | Copying BVH to device
02:10.327  render           | Fra: 26 | Mem: 1M | Updating Mesh | Computing attributes
02:10.327  render           | Fra: 26 | Mem: 1M | Updating Mesh | Copying Attributes to device
02:10.327  render           | Fra: 26 | Mem: 2M | Updating Mesh | Computing normals
02:10.327  render           | Fra: 26 | Mem: 2M | Updating Mesh | Copying Mesh to device
02:10.327  render           | Fra: 26 | Mem: 2M | Updating Objects Flags
02:10.327  render           | Fra: 26 | Mem: 2M | Updating Primitive Offsets
02:10.327  render           | Fra: 26 | Mem: 2M | Updating Images
02:10.327  render           | Fra: 26 | Mem: 2M | Updating Volume
02:10.327  render           | Fra: 26 | Mem: 2M | Updating Camera Volume
02:10.327  render           | Fra: 26 | Mem: 2M | Updating Lookup Tables
02:10.327  render           | Fra: 26 | Mem: 2M | Updating Lights
02:10.327  render           | Fra: 26 | Mem: 2M | Updating Lights | Computing tree
02:10.327  render           | Fra: 26 | Mem: 2M | Updating Integrator
02:10.327  render           | Fra: 26 | Mem: 2M | Updating Film
02:10.327  render           | Fra: 26 | Mem: 2M | Updating Lookup Tables
02:10.327  render           | Fra: 26 | Mem: 2M | Updating Baking
02:10.327  render           | Fra: 26 | Mem: 2M | Updating Device | Writing constant memory
02:10.327  render           | Fra: 26 | Mem: 2M | Loading denoising kernels (may take a few minutes the first time)
02:10.327  render           | Fra: 26 | Mem: 2M | Sample 0/12
02:10.474  render           | Fra: 26 | Remaining: 00:01.62 | Mem: 26M | Sample 1/12
02:14.469  render           | Fra: 26 | Mem: 26M | Sample 12/12
02:14.469  render           | Fra: 26 | Mem: 26M | Finished
02:14.573  render           | Saved: '/home/ricardo/cvg-his-v4/docs/frontend/assets/video/frames/pulse-0026.png'
02:14.573  render           | Time: 00:04.25 (Saving: 00:00.04)
02:14.573  render           | Rendering frame 27
02:14.574  render           | Start rendering: Scene, ViewLayer
02:14.574  render           | Engine: Cycles
02:14.577  render           | Fra: 27 | Mem: 0M | Synchronizing object | Orbita principal
02:14.577  render           | Fra: 27 | Mem: 0M | Synchronizing object | Detalhe champagne
02:14.577  render           | Fra: 27 | Mem: 0M | Synchronizing object | Cyan
02:14.577  render           | Fra: 27 | Mem: 0M | Synchronizing object | Key
02:14.577  render           | Fra: 27 | Mem: 0M | Synchronizing object | Plane
02:14.577  render           | Fra: 27 | Mem: 0M | Initializing
02:14.577  render           | Fra: 27 | Mem: 0M | Waiting for render to start
02:14.577  render           | Fra: 27 | Mem: 0M | Updating Scene
02:14.577  render           | Fra: 27 | Mem: 0M | Updating Shaders
02:14.578  render           | Fra: 27 | Mem: 0M | Loading render kernels (may take a few minutes the first time)
02:14.578  render           | Fra: 27 | Mem: 1M | Updating Procedurals
02:14.578  render           | Fra: 27 | Mem: 1M | Updating Background
02:14.578  render           | Fra: 27 | Mem: 1M | Updating Scene Attribute
02:14.578  render           | Fra: 27 | Mem: 1M | Updating Camera
02:14.578  render           | Fra: 27 | Mem: 1M | Updating Meshes Flags
02:14.578  render           | Fra: 27 | Mem: 1M | Updating Objects
02:14.578  render           | Fra: 27 | Mem: 1M | Updating Objects | Copying Transformations to device
02:14.578  render           | Fra: 27 | Mem: 1M | Updating Particle Systems
02:14.578  render           | Fra: 27 | Mem: 1M | Updating Particle Systems | Copying Particles to device
02:14.578  render           | Fra: 27 | Mem: 1M | Updating Meshes
02:14.578  render           | Fra: 27 | Mem: 1M | Updating Objects | Applying Static Transformations
02:14.578  render           | Fra: 27 | Mem: 1M | Updating Scene BVH | Building
02:14.578  render           | Fra: 27 | Mem: 1M | Updating Scene BVH | Building BVH
02:14.578  render           | Fra: 27 | Mem: 1M | Updating Scene BVH | Building BVH 0%
02:14.583  render           | Fra: 27 | Mem: 1M | Updating Scene BVH | Copying BVH to device
02:14.583  render           | Fra: 27 | Mem: 1M | Updating Mesh | Computing attributes
02:14.583  render           | Fra: 27 | Mem: 1M | Updating Mesh | Copying Attributes to device
02:14.583  render           | Fra: 27 | Mem: 2M | Updating Mesh | Computing normals
02:14.583  render           | Fra: 27 | Mem: 2M | Updating Mesh | Copying Mesh to device
02:14.583  render           | Fra: 27 | Mem: 2M | Updating Objects Flags
02:14.583  render           | Fra: 27 | Mem: 2M | Updating Primitive Offsets
02:14.583  render           | Fra: 27 | Mem: 2M | Updating Images
02:14.583  render           | Fra: 27 | Mem: 2M | Updating Volume
02:14.583  render           | Fra: 27 | Mem: 2M | Updating Camera Volume
02:14.583  render           | Fra: 27 | Mem: 2M | Updating Lookup Tables
02:14.583  render           | Fra: 27 | Mem: 2M | Updating Lights
02:14.583  render           | Fra: 27 | Mem: 2M | Updating Lights | Computing tree
02:14.583  render           | Fra: 27 | Mem: 2M | Updating Integrator
02:14.583  render           | Fra: 27 | Mem: 2M | Updating Film
02:14.583  render           | Fra: 27 | Mem: 2M | Updating Lookup Tables
02:14.583  render           | Fra: 27 | Mem: 2M | Updating Baking
02:14.583  render           | Fra: 27 | Mem: 2M | Updating Device | Writing constant memory
02:14.583  render           | Fra: 27 | Mem: 2M | Loading denoising kernels (may take a few minutes the first time)
02:14.583  render           | Fra: 27 | Mem: 2M | Sample 0/12
02:14.843  render           | Fra: 27 | Remaining: 00:02.85 | Mem: 26M | Sample 1/12
02:19.355  render           | Fra: 27 | Mem: 26M | Sample 12/12
02:19.355  render           | Fra: 27 | Mem: 26M | Finished
02:19.440  render           | Saved: '/home/ricardo/cvg-his-v4/docs/frontend/assets/video/frames/pulse-0027.png'
02:19.440  render           | Time: 00:04.86 (Saving: 00:00.04)
02:19.440  render           | Rendering frame 28
02:19.440  render           | Start rendering: Scene, ViewLayer
02:19.440  render           | Engine: Cycles
02:19.443  render           | Fra: 28 | Mem: 0M | Synchronizing object | Orbita principal
02:19.443  render           | Fra: 28 | Mem: 0M | Synchronizing object | Cyan
02:19.443  render           | Fra: 28 | Mem: 0M | Synchronizing object | Key
02:19.443  render           | Fra: 28 | Mem: 0M | Synchronizing object | Plane
02:19.443  render           | Fra: 28 | Mem: 0M | Synchronizing object | Detalhe champagne
02:19.444  render           | Fra: 28 | Mem: 0M | Initializing
02:19.445  render           | Fra: 28 | Mem: 0M | Waiting for render to start
02:19.445  render           | Fra: 28 | Mem: 0M | Updating Scene
02:19.445  render           | Fra: 28 | Mem: 0M | Updating Shaders
02:19.445  render           | Fra: 28 | Mem: 0M | Loading render kernels (may take a few minutes the first time)
02:19.445  render           | Fra: 28 | Mem: 1M | Updating Procedurals
02:19.445  render           | Fra: 28 | Mem: 1M | Updating Background
02:19.445  render           | Fra: 28 | Mem: 1M | Updating Scene Attribute
02:19.445  render           | Fra: 28 | Mem: 1M | Updating Camera
02:19.445  render           | Fra: 28 | Mem: 1M | Updating Meshes Flags
02:19.445  render           | Fra: 28 | Mem: 1M | Updating Objects
02:19.445  render           | Fra: 28 | Mem: 1M | Updating Objects | Copying Transformations to device
02:19.445  render           | Fra: 28 | Mem: 1M | Updating Particle Systems
02:19.445  render           | Fra: 28 | Mem: 1M | Updating Particle Systems | Copying Particles to device
02:19.445  render           | Fra: 28 | Mem: 1M | Updating Meshes
02:19.445  render           | Fra: 28 | Mem: 1M | Updating Objects | Applying Static Transformations
02:19.445  render           | Fra: 28 | Mem: 1M | Updating Scene BVH | Building
02:19.446  render           | Fra: 28 | Mem: 1M | Updating Scene BVH | Building BVH
02:19.446  render           | Fra: 28 | Mem: 1M | Updating Scene BVH | Building BVH 0%
02:19.449  render           | Fra: 28 | Mem: 1M | Updating Scene BVH | Copying BVH to device
02:19.449  render           | Fra: 28 | Mem: 1M | Updating Mesh | Computing attributes
02:19.450  render           | Fra: 28 | Mem: 1M | Updating Mesh | Copying Attributes to device
02:19.450  render           | Fra: 28 | Mem: 2M | Updating Mesh | Computing normals
02:19.450  render           | Fra: 28 | Mem: 2M | Updating Mesh | Copying Mesh to device
02:19.450  render           | Fra: 28 | Mem: 2M | Updating Objects Flags
02:19.450  render           | Fra: 28 | Mem: 2M | Updating Primitive Offsets
02:19.450  render           | Fra: 28 | Mem: 2M | Updating Images
02:19.450  render           | Fra: 28 | Mem: 2M | Updating Volume
02:19.450  render           | Fra: 28 | Mem: 2M | Updating Camera Volume
02:19.450  render           | Fra: 28 | Mem: 2M | Updating Lookup Tables
02:19.450  render           | Fra: 28 | Mem: 2M | Updating Lights
02:19.450  render           | Fra: 28 | Mem: 2M | Updating Lights | Computing tree
02:19.450  render           | Fra: 28 | Mem: 2M | Updating Integrator
02:19.450  render           | Fra: 28 | Mem: 2M | Updating Film
02:19.450  render           | Fra: 28 | Mem: 2M | Updating Lookup Tables
02:19.450  render           | Fra: 28 | Mem: 2M | Updating Baking
02:19.450  render           | Fra: 28 | Mem: 2M | Updating Device | Writing constant memory
02:19.450  render           | Fra: 28 | Mem: 2M | Loading denoising kernels (may take a few minutes the first time)
02:19.450  render           | Fra: 28 | Mem: 2M | Sample 0/12
02:19.717  render           | Fra: 28 | Remaining: 00:02.94 | Mem: 26M | Sample 1/12
02:23.995  render           | Fra: 28 | Mem: 26M | Sample 12/12
02:23.995  render           | Fra: 28 | Mem: 26M | Finished
02:24.050  render           | Saved: '/home/ricardo/cvg-his-v4/docs/frontend/assets/video/frames/pulse-0028.png'
02:24.050  render           | Time: 00:04.60 (Saving: 00:00.03)
02:24.050  render           | Rendering frame 29
02:24.050  render           | Start rendering: Scene, ViewLayer
02:24.050  render           | Engine: Cycles
02:24.052  render           | Fra: 29 | Mem: 0M | Synchronizing object | Orbita principal
02:24.052  render           | Fra: 29 | Mem: 0M | Synchronizing object | Cyan
02:24.052  render           | Fra: 29 | Mem: 0M | Synchronizing object | Key
02:24.052  render           | Fra: 29 | Mem: 0M | Synchronizing object | Plane
02:24.052  render           | Fra: 29 | Mem: 0M | Initializing
02:24.052  render           | Fra: 29 | Mem: 0M | Waiting for render to start
02:24.052  render           | Fra: 29 | Mem: 0M | Updating Scene
02:24.052  render           | Fra: 29 | Mem: 0M | Updating Shaders
02:24.052  render           | Fra: 29 | Mem: 0M | Loading render kernels (may take a few minutes the first time)
02:24.053  render           | Fra: 29 | Mem: 1M | Updating Procedurals
02:24.053  render           | Fra: 29 | Mem: 1M | Updating Background
02:24.053  render           | Fra: 29 | Mem: 1M | Updating Scene Attribute
02:24.053  render           | Fra: 29 | Mem: 1M | Updating Camera
02:24.053  render           | Fra: 29 | Mem: 1M | Updating Meshes Flags
02:24.053  render           | Fra: 29 | Mem: 1M | Updating Objects
02:24.053  render           | Fra: 29 | Mem: 1M | Updating Objects | Copying Transformations to device
02:24.053  render           | Fra: 29 | Mem: 1M | Updating Particle Systems
02:24.053  render           | Fra: 29 | Mem: 1M | Updating Particle Systems | Copying Particles to device
02:24.053  render           | Fra: 29 | Mem: 1M | Updating Meshes
02:24.053  render           | Fra: 29 | Mem: 1M | Updating Objects | Applying Static Transformations
02:24.053  render           | Fra: 29 | Mem: 1M | Updating Scene BVH | Building
02:24.053  render           | Fra: 29 | Mem: 1M | Updating Scene BVH | Building BVH
02:24.053  render           | Fra: 29 | Mem: 1M | Updating Scene BVH | Building BVH 0%
02:24.056  render           | Fra: 29 | Mem: 1M | Updating Scene BVH | Copying BVH to device
02:24.056  render           | Fra: 29 | Mem: 1M | Updating Mesh | Computing attributes
02:24.056  render           | Fra: 29 | Mem: 1M | Updating Mesh | Copying Attributes to device
02:24.056  render           | Fra: 29 | Mem: 2M | Updating Mesh | Computing normals
02:24.056  render           | Fra: 29 | Mem: 2M | Updating Mesh | Copying Mesh to device
02:24.056  render           | Fra: 29 | Mem: 2M | Updating Objects Flags
02:24.056  render           | Fra: 29 | Mem: 2M | Updating Primitive Offsets
02:24.056  render           | Fra: 29 | Mem: 2M | Updating Images
02:24.056  render           | Fra: 29 | Mem: 2M | Updating Volume
02:24.056  render           | Fra: 29 | Mem: 2M | Updating Camera Volume
02:24.056  render           | Fra: 29 | Mem: 2M | Updating Lookup Tables
02:24.056  render           | Fra: 29 | Mem: 2M | Updating Lights
02:24.056  render           | Fra: 29 | Mem: 2M | Updating Lights | Computing tree
02:24.056  render           | Fra: 29 | Mem: 2M | Updating Integrator
02:24.056  render           | Fra: 29 | Mem: 2M | Updating Film
02:24.056  render           | Fra: 29 | Mem: 2M | Updating Lookup Tables
02:24.056  render           | Fra: 29 | Mem: 2M | Updating Baking
02:24.056  render           | Fra: 29 | Mem: 2M | Updating Device | Writing constant memory
02:24.056  render           | Fra: 29 | Mem: 2M | Loading denoising kernels (may take a few minutes the first time)
02:24.056  render           | Fra: 29 | Mem: 2M | Sample 0/12
02:24.259  render           | Fra: 29 | Remaining: 00:02.22 | Mem: 26M | Sample 1/12
02:28.808  render           | Fra: 29 | Mem: 26M | Sample 12/12
02:28.808  render           | Fra: 29 | Mem: 26M | Finished
02:28.905  render           | Saved: '/home/ricardo/cvg-his-v4/docs/frontend/assets/video/frames/pulse-0029.png'
02:28.905  render           | Time: 00:04.85 (Saving: 00:00.04)
02:28.905  render           | Rendering frame 30
02:28.905  render           | Start rendering: Scene, ViewLayer
02:28.905  render           | Engine: Cycles
02:28.908  render           | Fra: 30 | Mem: 0M | Synchronizing object | Orbita principal
02:28.908  render           | Fra: 30 | Mem: 0M | Synchronizing object | Cyan
02:28.908  render           | Fra: 30 | Mem: 0M | Synchronizing object | Key
02:28.908  render           | Fra: 30 | Mem: 0M | Synchronizing object | Plane
02:28.909  render           | Fra: 30 | Mem: 0M | Initializing
02:28.909  render           | Fra: 30 | Mem: 0M | Waiting for render to start
02:28.909  render           | Fra: 30 | Mem: 0M | Updating Scene
02:28.909  render           | Fra: 30 | Mem: 0M | Updating Shaders
02:28.909  render           | Fra: 30 | Mem: 0M | Loading render kernels (may take a few minutes the first time)
02:28.909  render           | Fra: 30 | Mem: 1M | Updating Procedurals
02:28.909  render           | Fra: 30 | Mem: 1M | Updating Background
02:28.909  render           | Fra: 30 | Mem: 1M | Updating Scene Attribute
02:28.909  render           | Fra: 30 | Mem: 1M | Updating Camera
02:28.909  render           | Fra: 30 | Mem: 1M | Updating Meshes Flags
02:28.909  render           | Fra: 30 | Mem: 1M | Updating Objects
02:28.909  render           | Fra: 30 | Mem: 1M | Updating Objects | Copying Transformations to device
02:28.909  render           | Fra: 30 | Mem: 1M | Updating Particle Systems
02:28.909  render           | Fra: 30 | Mem: 1M | Updating Particle Systems | Copying Particles to device
02:28.909  render           | Fra: 30 | Mem: 1M | Updating Meshes
02:28.909  render           | Fra: 30 | Mem: 1M | Updating Objects | Applying Static Transformations
02:28.910  render           | Fra: 30 | Mem: 1M | Updating Scene BVH | Building
02:28.910  render           | Fra: 30 | Mem: 1M | Updating Scene BVH | Building BVH
02:28.910  render           | Fra: 30 | Mem: 1M | Updating Scene BVH | Building BVH 0%
02:28.914  render           | Fra: 30 | Mem: 1M | Updating Scene BVH | Copying BVH to device
02:28.914  render           | Fra: 30 | Mem: 1M | Updating Mesh | Computing attributes
02:28.915  render           | Fra: 30 | Mem: 1M | Updating Mesh | Copying Attributes to device
02:28.915  render           | Fra: 30 | Mem: 2M | Updating Mesh | Computing normals
02:28.915  render           | Fra: 30 | Mem: 2M | Updating Mesh | Copying Mesh to device
02:28.915  render           | Fra: 30 | Mem: 2M | Updating Objects Flags
02:28.915  render           | Fra: 30 | Mem: 2M | Updating Primitive Offsets
02:28.915  render           | Fra: 30 | Mem: 2M | Updating Images
02:28.915  render           | Fra: 30 | Mem: 2M | Updating Volume
02:28.915  render           | Fra: 30 | Mem: 2M | Updating Camera Volume
02:28.915  render           | Fra: 30 | Mem: 2M | Updating Lookup Tables
02:28.915  render           | Fra: 30 | Mem: 2M | Updating Lights
02:28.915  render           | Fra: 30 | Mem: 2M | Updating Lights | Computing tree
02:28.915  render           | Fra: 30 | Mem: 2M | Updating Integrator
02:28.915  render           | Fra: 30 | Mem: 2M | Updating Film
02:28.915  render           | Fra: 30 | Mem: 2M | Updating Lookup Tables
02:28.915  render           | Fra: 30 | Mem: 2M | Updating Baking
02:28.915  render           | Fra: 30 | Mem: 2M | Updating Device | Writing constant memory
02:28.915  render           | Fra: 30 | Mem: 2M | Loading denoising kernels (may take a few minutes the first time)
02:28.915  render           | Fra: 30 | Mem: 2M | Sample 0/12
02:29.205  render           | Fra: 30 | Remaining: 00:03.19 | Mem: 26M | Sample 1/12
02:33.309  render           | Fra: 30 | Mem: 26M | Sample 12/12
02:33.309  render           | Fra: 30 | Mem: 26M | Finished
02:33.394  render           | Saved: '/home/ricardo/cvg-his-v4/docs/frontend/assets/video/frames/pulse-0030.png'
02:33.394  render           | Time: 00:04.48 (Saving: 00:00.04)
02:33.394  render           | Rendering frame 31
02:33.395  render           | Start rendering: Scene, ViewLayer
02:33.395  render           | Engine: Cycles
02:33.397  render           | Fra: 31 | Mem: 0M | Synchronizing object | Orbita principal
02:33.397  render           | Fra: 31 | Mem: 0M | Synchronizing object | Cyan
02:33.397  render           | Fra: 31 | Mem: 0M | Synchronizing object | Key
02:33.397  render           | Fra: 31 | Mem: 0M | Synchronizing object | Plane
02:33.397  render           | Fra: 31 | Mem: 0M | Synchronizing object | Detalhe champagne
02:33.398  render           | Fra: 31 | Mem: 0M | Initializing
02:33.398  render           | Fra: 31 | Mem: 0M | Waiting for render to start
02:33.398  render           | Fra: 31 | Mem: 0M | Updating Scene
02:33.398  render           | Fra: 31 | Mem: 0M | Updating Shaders
02:33.398  render           | Fra: 31 | Mem: 0M | Loading render kernels (may take a few minutes the first time)
02:33.398  render           | Fra: 31 | Mem: 1M | Updating Procedurals
02:33.398  render           | Fra: 31 | Mem: 1M | Updating Background
02:33.398  render           | Fra: 31 | Mem: 1M | Updating Scene Attribute
02:33.398  render           | Fra: 31 | Mem: 1M | Updating Camera
02:33.398  render           | Fra: 31 | Mem: 1M | Updating Meshes Flags
02:33.398  render           | Fra: 31 | Mem: 1M | Updating Objects
02:33.398  render           | Fra: 31 | Mem: 1M | Updating Objects | Copying Transformations to device
02:33.398  render           | Fra: 31 | Mem: 1M | Updating Particle Systems
02:33.398  render           | Fra: 31 | Mem: 1M | Updating Particle Systems | Copying Particles to device
02:33.398  render           | Fra: 31 | Mem: 1M | Updating Meshes
02:33.398  render           | Fra: 31 | Mem: 1M | Updating Objects | Applying Static Transformations
02:33.399  render           | Fra: 31 | Mem: 1M | Updating Scene BVH | Building
02:33.399  render           | Fra: 31 | Mem: 1M | Updating Scene BVH | Building BVH
02:33.399  render           | Fra: 31 | Mem: 1M | Updating Scene BVH | Building BVH 0%
02:33.402  render           | Fra: 31 | Mem: 1M | Updating Scene BVH | Copying BVH to device
02:33.402  render           | Fra: 31 | Mem: 1M | Updating Mesh | Computing attributes
02:33.402  render           | Fra: 31 | Mem: 1M | Updating Mesh | Copying Attributes to device
02:33.402  render           | Fra: 31 | Mem: 2M | Updating Mesh | Computing normals
02:33.402  render           | Fra: 31 | Mem: 2M | Updating Mesh | Copying Mesh to device
02:33.402  render           | Fra: 31 | Mem: 2M | Updating Objects Flags
02:33.402  render           | Fra: 31 | Mem: 2M | Updating Primitive Offsets
02:33.402  render           | Fra: 31 | Mem: 2M | Updating Images
02:33.402  render           | Fra: 31 | Mem: 2M | Updating Volume
02:33.402  render           | Fra: 31 | Mem: 2M | Updating Camera Volume
02:33.402  render           | Fra: 31 | Mem: 2M | Updating Lookup Tables
02:33.402  render           | Fra: 31 | Mem: 2M | Updating Lights
02:33.402  render           | Fra: 31 | Mem: 2M | Updating Lights | Computing tree
02:33.402  render           | Fra: 31 | Mem: 2M | Updating Integrator
02:33.402  render           | Fra: 31 | Mem: 2M | Updating Film
02:33.402  render           | Fra: 31 | Mem: 2M | Updating Lookup Tables
02:33.402  render           | Fra: 31 | Mem: 2M | Updating Baking
02:33.402  render           | Fra: 31 | Mem: 2M | Updating Device | Writing constant memory
02:33.402  render           | Fra: 31 | Mem: 2M | Loading denoising kernels (may take a few minutes the first time)
02:33.402  render           | Fra: 31 | Mem: 2M | Sample 0/12
02:33.581  render           | Fra: 31 | Remaining: 00:01.96 | Mem: 26M | Sample 1/12
02:37.429  render           | Fra: 31 | Mem: 26M | Sample 12/12
02:37.429  render           | Fra: 31 | Mem: 26M | Finished
02:37.504  render           | Saved: '/home/ricardo/cvg-his-v4/docs/frontend/assets/video/frames/pulse-0031.png'
02:37.504  render           | Time: 00:04.10 (Saving: 00:00.04)
02:37.504  render           | Rendering frame 32
02:37.505  render           | Start rendering: Scene, ViewLayer
02:37.505  render           | Engine: Cycles
02:37.507  render           | Fra: 32 | Mem: 0M | Synchronizing object | Orbita principal
02:37.507  render           | Fra: 32 | Mem: 0M | Synchronizing object | Cyan
02:37.507  render           | Fra: 32 | Mem: 0M | Synchronizing object | Key
02:37.507  render           | Fra: 32 | Mem: 0M | Synchronizing object | Plane
02:37.507  render           | Fra: 32 | Mem: 0M | Synchronizing object | Detalhe champagne
02:37.507  render           | Fra: 32 | Mem: 0M | Initializing
02:37.508  render           | Fra: 32 | Mem: 0M | Waiting for render to start
02:37.508  render           | Fra: 32 | Mem: 0M | Updating Scene
02:37.508  render           | Fra: 32 | Mem: 0M | Updating Shaders
02:37.508  render           | Fra: 32 | Mem: 0M | Loading render kernels (may take a few minutes the first time)
02:37.508  render           | Fra: 32 | Mem: 1M | Updating Procedurals
02:37.508  render           | Fra: 32 | Mem: 1M | Updating Background
02:37.508  render           | Fra: 32 | Mem: 1M | Updating Scene Attribute
02:37.508  render           | Fra: 32 | Mem: 1M | Updating Camera
02:37.508  render           | Fra: 32 | Mem: 1M | Updating Meshes Flags
02:37.508  render           | Fra: 32 | Mem: 1M | Updating Objects
02:37.508  render           | Fra: 32 | Mem: 1M | Updating Objects | Copying Transformations to device
02:37.508  render           | Fra: 32 | Mem: 1M | Updating Particle Systems
02:37.508  render           | Fra: 32 | Mem: 1M | Updating Particle Systems | Copying Particles to device
02:37.508  render           | Fra: 32 | Mem: 1M | Updating Meshes
02:37.508  render           | Fra: 32 | Mem: 1M | Updating Objects | Applying Static Transformations
02:37.509  render           | Fra: 32 | Mem: 1M | Updating Scene BVH | Building
02:37.509  render           | Fra: 32 | Mem: 1M | Updating Scene BVH | Building BVH
02:37.509  render           | Fra: 32 | Mem: 1M | Updating Scene BVH | Building BVH 0%
02:37.513  render           | Fra: 32 | Mem: 1M | Updating Scene BVH | Copying BVH to device
02:37.513  render           | Fra: 32 | Mem: 1M | Updating Mesh | Computing attributes
02:37.513  render           | Fra: 32 | Mem: 1M | Updating Mesh | Copying Attributes to device
02:37.513  render           | Fra: 32 | Mem: 2M | Updating Mesh | Computing normals
02:37.513  render           | Fra: 32 | Mem: 2M | Updating Mesh | Copying Mesh to device
02:37.513  render           | Fra: 32 | Mem: 2M | Updating Objects Flags
02:37.513  render           | Fra: 32 | Mem: 2M | Updating Primitive Offsets
02:37.513  render           | Fra: 32 | Mem: 2M | Updating Images
02:37.513  render           | Fra: 32 | Mem: 2M | Updating Volume
02:37.513  render           | Fra: 32 | Mem: 2M | Updating Camera Volume
02:37.513  render           | Fra: 32 | Mem: 2M | Updating Lookup Tables
02:37.513  render           | Fra: 32 | Mem: 2M | Updating Lights
02:37.513  render           | Fra: 32 | Mem: 2M | Updating Lights | Computing tree
02:37.513  render           | Fra: 32 | Mem: 2M | Updating Integrator
02:37.513  render           | Fra: 32 | Mem: 2M | Updating Film
02:37.513  render           | Fra: 32 | Mem: 2M | Updating Lookup Tables
02:37.513  render           | Fra: 32 | Mem: 2M | Updating Baking
02:37.513  render           | Fra: 32 | Mem: 2M | Updating Device | Writing constant memory
02:37.513  render           | Fra: 32 | Mem: 2M | Loading denoising kernels (may take a few minutes the first time)
02:37.513  render           | Fra: 32 | Mem: 2M | Sample 0/12
02:37.788  render           | Fra: 32 | Remaining: 00:03.01 | Mem: 26M | Sample 1/12
02:42.466  render           | Fra: 32 | Mem: 26M | Sample 12/12
02:42.466  render           | Fra: 32 | Mem: 26M | Finished
02:42.520  render           | Saved: '/home/ricardo/cvg-his-v4/docs/frontend/assets/video/frames/pulse-0032.png'
02:42.520  render           | Time: 00:05.01 (Saving: 00:00.03)
02:42.520  render           | Rendering frame 33
02:42.521  render           | Start rendering: Scene, ViewLayer
02:42.521  render           | Engine: Cycles
02:42.522  render           | Fra: 33 | Mem: 0M | Synchronizing object | Orbita principal
02:42.522  render           | Fra: 33 | Mem: 0M | Synchronizing object | Cyan
02:42.522  render           | Fra: 33 | Mem: 0M | Synchronizing object | Detalhe champagne
02:42.522  render           | Fra: 33 | Mem: 0M | Synchronizing object | Plane
02:42.523  render           | Fra: 33 | Mem: 0M | Initializing
02:42.523  render           | Fra: 33 | Mem: 0M | Waiting for render to start
02:42.523  render           | Fra: 33 | Mem: 0M | Updating Scene
02:42.523  render           | Fra: 33 | Mem: 0M | Updating Shaders
02:42.523  render           | Fra: 33 | Mem: 0M | Loading render kernels (may take a few minutes the first time)
02:42.523  render           | Fra: 33 | Mem: 1M | Updating Procedurals
02:42.523  render           | Fra: 33 | Mem: 1M | Updating Background
02:42.523  render           | Fra: 33 | Mem: 1M | Updating Scene Attribute
02:42.523  render           | Fra: 33 | Mem: 1M | Updating Camera
02:42.523  render           | Fra: 33 | Mem: 1M | Updating Meshes Flags
02:42.523  render           | Fra: 33 | Mem: 1M | Updating Objects
02:42.523  render           | Fra: 33 | Mem: 1M | Updating Objects | Copying Transformations to device
02:42.523  render           | Fra: 33 | Mem: 1M | Updating Particle Systems
02:42.523  render           | Fra: 33 | Mem: 1M | Updating Particle Systems | Copying Particles to device
02:42.523  render           | Fra: 33 | Mem: 1M | Updating Meshes
02:42.523  render           | Fra: 33 | Mem: 1M | Updating Objects | Applying Static Transformations
02:42.523  render           | Fra: 33 | Mem: 1M | Updating Scene BVH | Building
02:42.523  render           | Fra: 33 | Mem: 1M | Updating Scene BVH | Building BVH
02:42.523  render           | Fra: 33 | Mem: 1M | Updating Scene BVH | Building BVH 0%
02:42.527  render           | Fra: 33 | Mem: 1M | Updating Scene BVH | Copying BVH to device
02:42.527  render           | Fra: 33 | Mem: 1M | Updating Mesh | Computing attributes
02:42.527  render           | Fra: 33 | Mem: 1M | Updating Mesh | Copying Attributes to device
02:42.527  render           | Fra: 33 | Mem: 2M | Updating Mesh | Computing normals
02:42.527  render           | Fra: 33 | Mem: 2M | Updating Mesh | Copying Mesh to device
02:42.527  render           | Fra: 33 | Mem: 2M | Updating Objects Flags
02:42.527  render           | Fra: 33 | Mem: 2M | Updating Primitive Offsets
02:42.527  render           | Fra: 33 | Mem: 2M | Updating Images
02:42.527  render           | Fra: 33 | Mem: 2M | Updating Volume
02:42.527  render           | Fra: 33 | Mem: 2M | Updating Camera Volume
02:42.527  render           | Fra: 33 | Mem: 2M | Updating Lookup Tables
02:42.528  render           | Fra: 33 | Mem: 2M | Updating Lights
02:42.528  render           | Fra: 33 | Mem: 2M | Updating Lights | Computing tree
02:42.528  render           | Fra: 33 | Mem: 2M | Updating Integrator
02:42.528  render           | Fra: 33 | Mem: 2M | Updating Film
02:42.528  render           | Fra: 33 | Mem: 2M | Updating Lookup Tables
02:42.528  render           | Fra: 33 | Mem: 2M | Updating Baking
02:42.528  render           | Fra: 33 | Mem: 2M | Updating Device | Writing constant memory
02:42.528  render           | Fra: 33 | Mem: 2M | Loading denoising kernels (may take a few minutes the first time)
02:42.528  render           | Fra: 33 | Mem: 2M | Sample 0/12
02:42.683  render           | Fra: 33 | Remaining: 00:01.71 | Mem: 26M | Sample 1/12
02:46.780  render           | Fra: 33 | Mem: 26M | Sample 12/12
02:46.780  render           | Fra: 33 | Mem: 26M | Finished
02:46.846  render           | Saved: '/home/ricardo/cvg-his-v4/docs/frontend/assets/video/frames/pulse-0033.png'
02:46.846  render           | Time: 00:04.32 (Saving: 00:00.03)
02:46.846  render           | Rendering frame 34
02:46.846  render           | Start rendering: Scene, ViewLayer
02:46.846  render           | Engine: Cycles
02:46.848  render           | Fra: 34 | Mem: 0M | Synchronizing object | Orbita principal
02:46.848  render           | Fra: 34 | Mem: 0M | Synchronizing object | Cyan
02:46.849  render           | Fra: 34 | Mem: 0M | Synchronizing object | Plane
02:46.849  render           | Fra: 34 | Mem: 0M | Synchronizing object | Key
02:46.849  render           | Fra: 34 | Mem: 0M | Initializing
02:46.849  render           | Fra: 34 | Mem: 0M | Waiting for render to start
02:46.849  render           | Fra: 34 | Mem: 0M | Updating Scene
02:46.849  render           | Fra: 34 | Mem: 0M | Updating Shaders
02:46.849  render           | Fra: 34 | Mem: 0M | Loading render kernels (may take a few minutes the first time)
02:46.850  render           | Fra: 34 | Mem: 1M | Updating Procedurals
02:46.850  render           | Fra: 34 | Mem: 1M | Updating Background
02:46.850  render           | Fra: 34 | Mem: 1M | Updating Scene Attribute
02:46.850  render           | Fra: 34 | Mem: 1M | Updating Camera
02:46.850  render           | Fra: 34 | Mem: 1M | Updating Meshes Flags
02:46.850  render           | Fra: 34 | Mem: 1M | Updating Objects
02:46.850  render           | Fra: 34 | Mem: 1M | Updating Objects | Copying Transformations to device
02:46.850  render           | Fra: 34 | Mem: 1M | Updating Particle Systems
02:46.850  render           | Fra: 34 | Mem: 1M | Updating Particle Systems | Copying Particles to device
02:46.850  render           | Fra: 34 | Mem: 1M | Updating Meshes
02:46.850  render           | Fra: 34 | Mem: 1M | Updating Objects | Applying Static Transformations
02:46.850  render           | Fra: 34 | Mem: 1M | Updating Scene BVH | Building
02:46.850  render           | Fra: 34 | Mem: 1M | Updating Scene BVH | Building BVH
02:46.850  render           | Fra: 34 | Mem: 1M | Updating Scene BVH | Building BVH 0%
02:46.854  render           | Fra: 34 | Mem: 1M | Updating Scene BVH | Copying BVH to device
02:46.854  render           | Fra: 34 | Mem: 1M | Updating Mesh | Computing attributes
02:46.854  render           | Fra: 34 | Mem: 1M | Updating Mesh | Copying Attributes to device
02:46.854  render           | Fra: 34 | Mem: 2M | Updating Mesh | Computing normals
02:46.854  render           | Fra: 34 | Mem: 2M | Updating Mesh | Copying Mesh to device
02:46.854  render           | Fra: 34 | Mem: 2M | Updating Objects Flags
02:46.854  render           | Fra: 34 | Mem: 2M | Updating Primitive Offsets
02:46.854  render           | Fra: 34 | Mem: 2M | Updating Images
02:46.854  render           | Fra: 34 | Mem: 2M | Updating Volume
02:46.854  render           | Fra: 34 | Mem: 2M | Updating Camera Volume
02:46.854  render           | Fra: 34 | Mem: 2M | Updating Lookup Tables
02:46.854  render           | Fra: 34 | Mem: 2M | Updating Lights
02:46.854  render           | Fra: 34 | Mem: 2M | Updating Lights | Computing tree
02:46.854  render           | Fra: 34 | Mem: 2M | Updating Integrator
02:46.854  render           | Fra: 34 | Mem: 2M | Updating Film
02:46.855  render           | Fra: 34 | Mem: 2M | Updating Lookup Tables
02:46.855  render           | Fra: 34 | Mem: 2M | Updating Baking
02:46.855  render           | Fra: 34 | Mem: 2M | Updating Device | Writing constant memory
02:46.855  render           | Fra: 34 | Mem: 2M | Loading denoising kernels (may take a few minutes the first time)
02:46.855  render           | Fra: 34 | Mem: 2M | Sample 0/12
02:47.037  render           | Fra: 34 | Remaining: 00:02.00 | Mem: 26M | Sample 1/12
02:51.118  render           | Fra: 34 | Mem: 26M | Sample 12/12
02:51.118  render           | Fra: 34 | Mem: 26M | Finished
02:51.187  render           | Saved: '/home/ricardo/cvg-his-v4/docs/frontend/assets/video/frames/pulse-0034.png'
02:51.187  render           | Time: 00:04.34 (Saving: 00:00.04)
02:51.187  render           | Rendering frame 35
02:51.187  render           | Start rendering: Scene, ViewLayer
02:51.187  render           | Engine: Cycles
02:51.189  render           | Fra: 35 | Mem: 0M | Synchronizing object | Orbita principal
02:51.189  render           | Fra: 35 | Mem: 0M | Synchronizing object | Detalhe champagne
02:51.189  render           | Fra: 35 | Mem: 0M | Synchronizing object | Plane
02:51.189  render           | Fra: 35 | Mem: 0M | Synchronizing object | Key
02:51.189  render           | Fra: 35 | Mem: 0M | Initializing
02:51.189  render           | Fra: 35 | Mem: 0M | Waiting for render to start
02:51.189  render           | Fra: 35 | Mem: 0M | Updating Scene
02:51.189  render           | Fra: 35 | Mem: 0M | Updating Shaders
02:51.189  render           | Fra: 35 | Mem: 0M | Loading render kernels (may take a few minutes the first time)
02:51.190  render           | Fra: 35 | Mem: 1M | Updating Procedurals
02:51.190  render           | Fra: 35 | Mem: 1M | Updating Background
02:51.190  render           | Fra: 35 | Mem: 1M | Updating Scene Attribute
02:51.190  render           | Fra: 35 | Mem: 1M | Updating Camera
02:51.190  render           | Fra: 35 | Mem: 1M | Updating Meshes Flags
02:51.190  render           | Fra: 35 | Mem: 1M | Updating Objects
02:51.190  render           | Fra: 35 | Mem: 1M | Updating Objects | Copying Transformations to device
02:51.190  render           | Fra: 35 | Mem: 1M | Updating Particle Systems
02:51.190  render           | Fra: 35 | Mem: 1M | Updating Particle Systems | Copying Particles to device
02:51.190  render           | Fra: 35 | Mem: 1M | Updating Meshes
02:51.190  render           | Fra: 35 | Mem: 1M | Updating Objects | Applying Static Transformations
02:51.190  render           | Fra: 35 | Mem: 1M | Updating Scene BVH | Building
02:51.190  render           | Fra: 35 | Mem: 1M | Updating Scene BVH | Building BVH
02:51.190  render           | Fra: 35 | Mem: 1M | Updating Scene BVH | Building BVH 0%
02:51.192  render           | Fra: 35 | Mem: 1M | Updating Scene BVH | Copying BVH to device
02:51.192  render           | Fra: 35 | Mem: 1M | Updating Mesh | Computing attributes
02:51.192  render           | Fra: 35 | Mem: 1M | Updating Mesh | Copying Attributes to device
02:51.192  render           | Fra: 35 | Mem: 2M | Updating Mesh | Computing normals
02:51.192  render           | Fra: 35 | Mem: 2M | Updating Mesh | Copying Mesh to device
02:51.192  render           | Fra: 35 | Mem: 2M | Updating Objects Flags
02:51.192  render           | Fra: 35 | Mem: 2M | Updating Primitive Offsets
02:51.192  render           | Fra: 35 | Mem: 2M | Updating Images
02:51.192  render           | Fra: 35 | Mem: 2M | Updating Volume
02:51.192  render           | Fra: 35 | Mem: 2M | Updating Camera Volume
02:51.192  render           | Fra: 35 | Mem: 2M | Updating Lookup Tables
02:51.192  render           | Fra: 35 | Mem: 2M | Updating Lights
02:51.192  render           | Fra: 35 | Mem: 2M | Updating Lights | Computing tree
02:51.192  render           | Fra: 35 | Mem: 2M | Updating Integrator
02:51.192  render           | Fra: 35 | Mem: 2M | Updating Film
02:51.193  render           | Fra: 35 | Mem: 2M | Updating Lookup Tables
02:51.193  render           | Fra: 35 | Mem: 2M | Updating Baking
02:51.193  render           | Fra: 35 | Mem: 2M | Updating Device | Writing constant memory
02:51.193  render           | Fra: 35 | Mem: 2M | Loading denoising kernels (may take a few minutes the first time)
02:51.193  render           | Fra: 35 | Mem: 2M | Sample 0/12
02:51.443  render           | Fra: 35 | Remaining: 00:02.75 | Mem: 26M | Sample 1/12
02:56.006  render           | Fra: 35 | Mem: 26M | Sample 12/12
02:56.006  render           | Fra: 35 | Mem: 26M | Finished
02:56.086  render           | Saved: '/home/ricardo/cvg-his-v4/docs/frontend/assets/video/frames/pulse-0035.png'
02:56.086  render           | Time: 00:04.89 (Saving: 00:00.04)
02:56.086  render           | Rendering frame 36
02:56.086  render           | Start rendering: Scene, ViewLayer
02:56.086  render           | Engine: Cycles
02:56.089  render           | Fra: 36 | Mem: 0M | Synchronizing object | Orbita principal
02:56.089  render           | Fra: 36 | Mem: 0M | Synchronizing object | Cyan
02:56.089  render           | Fra: 36 | Mem: 0M | Synchronizing object | Key
02:56.089  render           | Fra: 36 | Mem: 0M | Synchronizing object | Plane
02:56.089  render           | Fra: 36 | Mem: 0M | Initializing
02:56.090  render           | Fra: 36 | Mem: 0M | Waiting for render to start
02:56.090  render           | Fra: 36 | Mem: 0M | Updating Scene
02:56.090  render           | Fra: 36 | Mem: 0M | Updating Shaders
02:56.090  render           | Fra: 36 | Mem: 0M | Loading render kernels (may take a few minutes the first time)
02:56.090  render           | Fra: 36 | Mem: 1M | Updating Procedurals
02:56.090  render           | Fra: 36 | Mem: 1M | Updating Background
02:56.090  render           | Fra: 36 | Mem: 1M | Updating Scene Attribute
02:56.090  render           | Fra: 36 | Mem: 1M | Updating Camera
02:56.090  render           | Fra: 36 | Mem: 1M | Updating Meshes Flags
02:56.090  render           | Fra: 36 | Mem: 1M | Updating Objects
02:56.090  render           | Fra: 36 | Mem: 1M | Updating Objects | Copying Transformations to device
02:56.090  render           | Fra: 36 | Mem: 1M | Updating Particle Systems
02:56.091  render           | Fra: 36 | Mem: 1M | Updating Particle Systems | Copying Particles to device
02:56.091  render           | Fra: 36 | Mem: 1M | Updating Meshes
02:56.091  render           | Fra: 36 | Mem: 1M | Updating Objects | Applying Static Transformations
02:56.091  render           | Fra: 36 | Mem: 1M | Updating Scene BVH | Building
02:56.091  render           | Fra: 36 | Mem: 1M | Updating Scene BVH | Building BVH
02:56.091  render           | Fra: 36 | Mem: 1M | Updating Scene BVH | Building BVH 0%
02:56.095  render           | Fra: 36 | Mem: 1M | Updating Scene BVH | Copying BVH to device
02:56.095  render           | Fra: 36 | Mem: 1M | Updating Mesh | Computing attributes
02:56.095  render           | Fra: 36 | Mem: 1M | Updating Mesh | Copying Attributes to device
02:56.095  render           | Fra: 36 | Mem: 2M | Updating Mesh | Computing normals
02:56.095  render           | Fra: 36 | Mem: 2M | Updating Mesh | Copying Mesh to device
02:56.095  render           | Fra: 36 | Mem: 2M | Updating Objects Flags
02:56.095  render           | Fra: 36 | Mem: 2M | Updating Primitive Offsets
02:56.095  render           | Fra: 36 | Mem: 2M | Updating Images
02:56.095  render           | Fra: 36 | Mem: 2M | Updating Volume
02:56.095  render           | Fra: 36 | Mem: 2M | Updating Camera Volume
02:56.095  render           | Fra: 36 | Mem: 2M | Updating Lookup Tables
02:56.095  render           | Fra: 36 | Mem: 2M | Updating Lights
02:56.095  render           | Fra: 36 | Mem: 2M | Updating Lights | Computing tree
02:56.095  render           | Fra: 36 | Mem: 2M | Updating Integrator
02:56.095  render           | Fra: 36 | Mem: 2M | Updating Film
02:56.095  render           | Fra: 36 | Mem: 2M | Updating Lookup Tables
02:56.095  render           | Fra: 36 | Mem: 2M | Updating Baking
02:56.095  render           | Fra: 36 | Mem: 2M | Updating Device | Writing constant memory
02:56.095  render           | Fra: 36 | Mem: 2M | Loading denoising kernels (may take a few minutes the first time)
02:56.095  render           | Fra: 36 | Mem: 2M | Sample 0/12
02:56.250  render           | Fra: 36 | Remaining: 00:01.70 | Mem: 26M | Sample 1/12
03:00.014  render           | Fra: 36 | Mem: 26M | Sample 12/12
03:00.014  render           | Fra: 36 | Mem: 26M | Finished
03:00.066  render           | Saved: '/home/ricardo/cvg-his-v4/docs/frontend/assets/video/frames/pulse-0036.png'
03:00.066  render           | Time: 00:03.98 (Saving: 00:00.03)
03:00.066  render           | Rendering frame 37
03:00.067  render           | Start rendering: Scene, ViewLayer
03:00.067  render           | Engine: Cycles
03:00.068  render           | Fra: 37 | Mem: 0M | Synchronizing object | Orbita principal
03:00.068  render           | Fra: 37 | Mem: 0M | Synchronizing object | Detalhe champagne
03:00.068  render           | Fra: 37 | Mem: 0M | Synchronizing object | Key
03:00.068  render           | Fra: 37 | Mem: 0M | Initializing
03:00.069  render           | Fra: 37 | Mem: 0M | Waiting for render to start
03:00.069  render           | Fra: 37 | Mem: 0M | Updating Scene
03:00.069  render           | Fra: 37 | Mem: 0M | Updating Shaders
03:00.069  render           | Fra: 37 | Mem: 0M | Loading render kernels (may take a few minutes the first time)
03:00.069  render           | Fra: 37 | Mem: 1M | Updating Procedurals
03:00.069  render           | Fra: 37 | Mem: 1M | Updating Background
03:00.069  render           | Fra: 37 | Mem: 1M | Updating Scene Attribute
03:00.069  render           | Fra: 37 | Mem: 1M | Updating Camera
03:00.069  render           | Fra: 37 | Mem: 1M | Updating Meshes Flags
03:00.069  render           | Fra: 37 | Mem: 1M | Updating Objects
03:00.069  render           | Fra: 37 | Mem: 1M | Updating Objects | Copying Transformations to device
03:00.069  render           | Fra: 37 | Mem: 1M | Updating Particle Systems
03:00.069  render           | Fra: 37 | Mem: 1M | Updating Particle Systems | Copying Particles to device
03:00.069  render           | Fra: 37 | Mem: 1M | Updating Meshes
03:00.069  render           | Fra: 37 | Mem: 1M | Updating Objects | Applying Static Transformations
03:00.069  render           | Fra: 37 | Mem: 1M | Updating Scene BVH | Building
03:00.069  render           | Fra: 37 | Mem: 1M | Updating Scene BVH | Building BVH
03:00.069  render           | Fra: 37 | Mem: 1M | Updating Scene BVH | Building BVH 0%
03:00.072  render           | Fra: 37 | Mem: 1M | Updating Scene BVH | Copying BVH to device
03:00.072  render           | Fra: 37 | Mem: 1M | Updating Mesh | Computing attributes
03:00.072  render           | Fra: 37 | Mem: 1M | Updating Mesh | Copying Attributes to device
03:00.072  render           | Fra: 37 | Mem: 2M | Updating Mesh | Computing normals
03:00.072  render           | Fra: 37 | Mem: 2M | Updating Mesh | Copying Mesh to device
03:00.072  render           | Fra: 37 | Mem: 2M | Updating Objects Flags
03:00.072  render           | Fra: 37 | Mem: 2M | Updating Primitive Offsets
03:00.072  render           | Fra: 37 | Mem: 2M | Updating Images
03:00.072  render           | Fra: 37 | Mem: 2M | Updating Volume
03:00.072  render           | Fra: 37 | Mem: 2M | Updating Camera Volume
03:00.072  render           | Fra: 37 | Mem: 2M | Updating Lookup Tables
03:00.072  render           | Fra: 37 | Mem: 2M | Updating Lights
03:00.072  render           | Fra: 37 | Mem: 2M | Updating Lights | Computing tree
03:00.072  render           | Fra: 37 | Mem: 2M | Updating Integrator
03:00.072  render           | Fra: 37 | Mem: 2M | Updating Film
03:00.072  render           | Fra: 37 | Mem: 2M | Updating Lookup Tables
03:00.072  render           | Fra: 37 | Mem: 2M | Updating Baking
03:00.072  render           | Fra: 37 | Mem: 2M | Updating Device | Writing constant memory
03:00.072  render           | Fra: 37 | Mem: 2M | Loading denoising kernels (may take a few minutes the first time)
03:00.072  render           | Fra: 37 | Mem: 2M | Sample 0/12
03:00.298  render           | Fra: 37 | Remaining: 00:02.48 | Mem: 26M | Sample 1/12
03:04.629  render           | Fra: 37 | Mem: 26M | Sample 12/12
03:04.629  render           | Fra: 37 | Mem: 26M | Finished
03:04.692  render           | Saved: '/home/ricardo/cvg-his-v4/docs/frontend/assets/video/frames/pulse-0037.png'
03:04.692  render           | Time: 00:04.62 (Saving: 00:00.03)
03:04.692  render           | Rendering frame 38
03:04.692  render           | Start rendering: Scene, ViewLayer
03:04.692  render           | Engine: Cycles
03:04.694  render           | Fra: 38 | Mem: 0M | Synchronizing object | Orbita principal
03:04.695  render           | Fra: 38 | Mem: 0M | Synchronizing object | Cyan
03:04.695  render           | Fra: 38 | Mem: 0M | Synchronizing object | Key
03:04.695  render           | Fra: 38 | Mem: 0M | Synchronizing object | Plane
03:04.695  render           | Fra: 38 | Mem: 0M | Synchronizing object | Detalhe champagne
03:04.695  render           | Fra: 38 | Mem: 0M | Initializing
03:04.695  render           | Fra: 38 | Mem: 0M | Waiting for render to start
03:04.695  render           | Fra: 38 | Mem: 0M | Updating Scene
03:04.695  render           | Fra: 38 | Mem: 0M | Updating Shaders
03:04.695  render           | Fra: 38 | Mem: 0M | Loading render kernels (may take a few minutes the first time)
03:04.695  render           | Fra: 38 | Mem: 1M | Updating Procedurals
03:04.695  render           | Fra: 38 | Mem: 1M | Updating Background
03:04.695  render           | Fra: 38 | Mem: 1M | Updating Scene Attribute
03:04.695  render           | Fra: 38 | Mem: 1M | Updating Camera
03:04.695  render           | Fra: 38 | Mem: 1M | Updating Meshes Flags
03:04.695  render           | Fra: 38 | Mem: 1M | Updating Objects
03:04.695  render           | Fra: 38 | Mem: 1M | Updating Objects | Copying Transformations to device
03:04.695  render           | Fra: 38 | Mem: 1M | Updating Particle Systems
03:04.695  render           | Fra: 38 | Mem: 1M | Updating Particle Systems | Copying Particles to device
03:04.695  render           | Fra: 38 | Mem: 1M | Updating Meshes
03:04.695  render           | Fra: 38 | Mem: 1M | Updating Objects | Applying Static Transformations
03:04.696  render           | Fra: 38 | Mem: 1M | Updating Scene BVH | Building
03:04.696  render           | Fra: 38 | Mem: 1M | Updating Scene BVH | Building BVH
03:04.696  render           | Fra: 38 | Mem: 1M | Updating Scene BVH | Building BVH 0%
03:04.700  render           | Fra: 38 | Mem: 1M | Updating Scene BVH | Copying BVH to device
03:04.700  render           | Fra: 38 | Mem: 1M | Updating Mesh | Computing attributes
03:04.700  render           | Fra: 38 | Mem: 1M | Updating Mesh | Copying Attributes to device
03:04.700  render           | Fra: 38 | Mem: 2M | Updating Mesh | Computing normals
03:04.700  render           | Fra: 38 | Mem: 2M | Updating Mesh | Copying Mesh to device
03:04.700  render           | Fra: 38 | Mem: 2M | Updating Objects Flags
03:04.700  render           | Fra: 38 | Mem: 2M | Updating Primitive Offsets
03:04.700  render           | Fra: 38 | Mem: 2M | Updating Images
03:04.700  render           | Fra: 38 | Mem: 2M | Updating Volume
03:04.700  render           | Fra: 38 | Mem: 2M | Updating Camera Volume
03:04.700  render           | Fra: 38 | Mem: 2M | Updating Lookup Tables
03:04.700  render           | Fra: 38 | Mem: 2M | Updating Lights
03:04.700  render           | Fra: 38 | Mem: 2M | Updating Lights | Computing tree
03:04.700  render           | Fra: 38 | Mem: 2M | Updating Integrator
03:04.700  render           | Fra: 38 | Mem: 2M | Updating Film
03:04.700  render           | Fra: 38 | Mem: 2M | Updating Lookup Tables
03:04.700  render           | Fra: 38 | Mem: 2M | Updating Baking
03:04.700  render           | Fra: 38 | Mem: 2M | Updating Device | Writing constant memory
03:04.700  render           | Fra: 38 | Mem: 2M | Loading denoising kernels (may take a few minutes the first time)
03:04.700  render           | Fra: 38 | Mem: 2M | Sample 0/12
03:04.961  render           | Fra: 38 | Remaining: 00:02.87 | Mem: 26M | Sample 1/12
03:09.082  render           | Fra: 38 | Mem: 26M | Sample 12/12
03:09.083  render           | Fra: 38 | Mem: 26M | Finished
03:09.139  render           | Saved: '/home/ricardo/cvg-his-v4/docs/frontend/assets/video/frames/pulse-0038.png'
03:09.139  render           | Time: 00:04.44 (Saving: 00:00.03)
03:09.139  render           | Rendering frame 39
03:09.139  render           | Start rendering: Scene, ViewLayer
03:09.139  render           | Engine: Cycles
03:09.141  render           | Fra: 39 | Mem: 0M | Synchronizing object | Orbita principal
03:09.141  render           | Fra: 39 | Mem: 0M | Synchronizing object | Plane
03:09.141  render           | Fra: 39 | Mem: 0M | Synchronizing object | Key
03:09.141  render           | Fra: 39 | Mem: 0M | Initializing
03:09.141  render           | Fra: 39 | Mem: 0M | Waiting for render to start
03:09.141  render           | Fra: 39 | Mem: 0M | Updating Scene
03:09.141  render           | Fra: 39 | Mem: 0M | Updating Shaders
03:09.141  render           | Fra: 39 | Mem: 0M | Loading render kernels (may take a few minutes the first time)
03:09.141  render           | Fra: 39 | Mem: 1M | Updating Procedurals
03:09.141  render           | Fra: 39 | Mem: 1M | Updating Background
03:09.141  render           | Fra: 39 | Mem: 1M | Updating Scene Attribute
03:09.141  render           | Fra: 39 | Mem: 1M | Updating Camera
03:09.141  render           | Fra: 39 | Mem: 1M | Updating Meshes Flags
03:09.141  render           | Fra: 39 | Mem: 1M | Updating Objects
03:09.141  render           | Fra: 39 | Mem: 1M | Updating Objects | Copying Transformations to device
03:09.141  render           | Fra: 39 | Mem: 1M | Updating Particle Systems
03:09.141  render           | Fra: 39 | Mem: 1M | Updating Particle Systems | Copying Particles to device
03:09.141  render           | Fra: 39 | Mem: 1M | Updating Meshes
03:09.141  render           | Fra: 39 | Mem: 1M | Updating Objects | Applying Static Transformations
03:09.141  render           | Fra: 39 | Mem: 1M | Updating Scene BVH | Building
03:09.141  render           | Fra: 39 | Mem: 1M | Updating Scene BVH | Building BVH
03:09.141  render           | Fra: 39 | Mem: 1M | Updating Scene BVH | Building BVH 0%
03:09.144  render           | Fra: 39 | Mem: 1M | Updating Scene BVH | Copying BVH to device
03:09.144  render           | Fra: 39 | Mem: 1M | Updating Mesh | Computing attributes
03:09.144  render           | Fra: 39 | Mem: 1M | Updating Mesh | Copying Attributes to device
03:09.144  render           | Fra: 39 | Mem: 2M | Updating Mesh | Computing normals
03:09.144  render           | Fra: 39 | Mem: 2M | Updating Mesh | Copying Mesh to device
03:09.144  render           | Fra: 39 | Mem: 2M | Updating Objects Flags
03:09.144  render           | Fra: 39 | Mem: 2M | Updating Primitive Offsets
03:09.144  render           | Fra: 39 | Mem: 2M | Updating Images
03:09.144  render           | Fra: 39 | Mem: 2M | Updating Volume
03:09.144  render           | Fra: 39 | Mem: 2M | Updating Camera Volume
03:09.144  render           | Fra: 39 | Mem: 2M | Updating Lookup Tables
03:09.144  render           | Fra: 39 | Mem: 2M | Updating Lights
03:09.144  render           | Fra: 39 | Mem: 2M | Updating Lights | Computing tree
03:09.144  render           | Fra: 39 | Mem: 2M | Updating Integrator
03:09.144  render           | Fra: 39 | Mem: 2M | Updating Film
03:09.144  render           | Fra: 39 | Mem: 2M | Updating Lookup Tables
03:09.144  render           | Fra: 39 | Mem: 2M | Updating Baking
03:09.144  render           | Fra: 39 | Mem: 2M | Updating Device | Writing constant memory
03:09.144  render           | Fra: 39 | Mem: 2M | Loading denoising kernels (may take a few minutes the first time)
03:09.144  render           | Fra: 39 | Mem: 2M | Sample 0/12
03:09.318  render           | Fra: 39 | Remaining: 00:01.91 | Mem: 26M | Sample 1/12
03:13.050  render           | Fra: 39 | Mem: 26M | Sample 12/12
03:13.050  render           | Fra: 39 | Mem: 26M | Finished
03:13.119  render           | Saved: '/home/ricardo/cvg-his-v4/docs/frontend/assets/video/frames/pulse-0039.png'
03:13.119  render           | Time: 00:03.98 (Saving: 00:00.03)
03:13.119  render           | Rendering frame 40
03:13.119  render           | Start rendering: Scene, ViewLayer
03:13.119  render           | Engine: Cycles
03:13.121  render           | Fra: 40 | Mem: 0M | Synchronizing object | Orbita principal
03:13.121  render           | Fra: 40 | Mem: 0M | Synchronizing object | Cyan
03:13.121  render           | Fra: 40 | Mem: 0M | Synchronizing object | Key
03:13.121  render           | Fra: 40 | Mem: 0M | Initializing
03:13.122  render           | Fra: 40 | Mem: 0M | Waiting for render to start
03:13.122  render           | Fra: 40 | Mem: 0M | Updating Scene
03:13.122  render           | Fra: 40 | Mem: 0M | Updating Shaders
03:13.122  render           | Fra: 40 | Mem: 0M | Loading render kernels (may take a few minutes the first time)
03:13.122  render           | Fra: 40 | Mem: 1M | Updating Procedurals
03:13.122  render           | Fra: 40 | Mem: 1M | Updating Background
03:13.122  render           | Fra: 40 | Mem: 1M | Updating Scene Attribute
03:13.122  render           | Fra: 40 | Mem: 1M | Updating Camera
03:13.122  render           | Fra: 40 | Mem: 1M | Updating Meshes Flags
03:13.122  render           | Fra: 40 | Mem: 1M | Updating Objects
03:13.122  render           | Fra: 40 | Mem: 1M | Updating Objects | Copying Transformations to device
03:13.122  render           | Fra: 40 | Mem: 1M | Updating Particle Systems
03:13.122  render           | Fra: 40 | Mem: 1M | Updating Particle Systems | Copying Particles to device
03:13.122  render           | Fra: 40 | Mem: 1M | Updating Meshes
03:13.122  render           | Fra: 40 | Mem: 1M | Updating Objects | Applying Static Transformations
03:13.122  render           | Fra: 40 | Mem: 1M | Updating Scene BVH | Building
03:13.122  render           | Fra: 40 | Mem: 1M | Updating Scene BVH | Building BVH
03:13.123  render           | Fra: 40 | Mem: 1M | Updating Scene BVH | Building BVH 0%
03:13.126  render           | Fra: 40 | Mem: 1M | Updating Scene BVH | Copying BVH to device
03:13.126  render           | Fra: 40 | Mem: 1M | Updating Mesh | Computing attributes
03:13.126  render           | Fra: 40 | Mem: 1M | Updating Mesh | Copying Attributes to device
03:13.126  render           | Fra: 40 | Mem: 2M | Updating Mesh | Computing normals
03:13.126  render           | Fra: 40 | Mem: 2M | Updating Mesh | Copying Mesh to device
03:13.126  render           | Fra: 40 | Mem: 2M | Updating Objects Flags
03:13.126  render           | Fra: 40 | Mem: 2M | Updating Primitive Offsets
03:13.126  render           | Fra: 40 | Mem: 2M | Updating Images
03:13.126  render           | Fra: 40 | Mem: 2M | Updating Volume
03:13.126  render           | Fra: 40 | Mem: 2M | Updating Camera Volume
03:13.126  render           | Fra: 40 | Mem: 2M | Updating Lookup Tables
03:13.126  render           | Fra: 40 | Mem: 2M | Updating Lights
03:13.126  render           | Fra: 40 | Mem: 2M | Updating Lights | Computing tree
03:13.126  render           | Fra: 40 | Mem: 2M | Updating Integrator
03:13.126  render           | Fra: 40 | Mem: 2M | Updating Film
03:13.126  render           | Fra: 40 | Mem: 2M | Updating Lookup Tables
03:13.126  render           | Fra: 40 | Mem: 2M | Updating Baking
03:13.126  render           | Fra: 40 | Mem: 2M | Updating Device | Writing constant memory
03:13.126  render           | Fra: 40 | Mem: 2M | Loading denoising kernels (may take a few minutes the first time)
03:13.126  render           | Fra: 40 | Mem: 2M | Sample 0/12
03:13.409  render           | Fra: 40 | Remaining: 00:03.10 | Mem: 26M | Sample 1/12
03:17.975  render           | Fra: 40 | Mem: 26M | Sample 12/12
03:17.975  render           | Fra: 40 | Mem: 26M | Finished
03:18.034  render           | Saved: '/home/ricardo/cvg-his-v4/docs/frontend/assets/video/frames/pulse-0040.png'
03:18.034  render           | Time: 00:04.91 (Saving: 00:00.02)
03:18.034  render           | Rendering frame 41
03:18.034  render           | Start rendering: Scene, ViewLayer
03:18.034  render           | Engine: Cycles
03:18.036  render           | Fra: 41 | Mem: 0M | Synchronizing object | Orbita principal
03:18.036  render           | Fra: 41 | Mem: 0M | Synchronizing object | Cyan
03:18.036  render           | Fra: 41 | Mem: 0M | Synchronizing object | Key
03:18.036  render           | Fra: 41 | Mem: 0M | Synchronizing object | Plane
03:18.036  render           | Fra: 41 | Mem: 0M | Synchronizing object | Detalhe champagne
03:18.036  render           | Fra: 41 | Mem: 0M | Initializing
03:18.037  render           | Fra: 41 | Mem: 0M | Waiting for render to start
03:18.037  render           | Fra: 41 | Mem: 0M | Updating Scene
03:18.037  render           | Fra: 41 | Mem: 0M | Updating Shaders
03:18.037  render           | Fra: 41 | Mem: 0M | Loading render kernels (may take a few minutes the first time)
03:18.037  render           | Fra: 41 | Mem: 1M | Updating Procedurals
03:18.037  render           | Fra: 41 | Mem: 1M | Updating Background
03:18.037  render           | Fra: 41 | Mem: 1M | Updating Scene Attribute
03:18.037  render           | Fra: 41 | Mem: 1M | Updating Camera
03:18.037  render           | Fra: 41 | Mem: 1M | Updating Meshes Flags
03:18.037  render           | Fra: 41 | Mem: 1M | Updating Objects
03:18.037  render           | Fra: 41 | Mem: 1M | Updating Objects | Copying Transformations to device
03:18.037  render           | Fra: 41 | Mem: 1M | Updating Particle Systems
03:18.037  render           | Fra: 41 | Mem: 1M | Updating Particle Systems | Copying Particles to device
03:18.037  render           | Fra: 41 | Mem: 1M | Updating Meshes
03:18.037  render           | Fra: 41 | Mem: 1M | Updating Objects | Applying Static Transformations
03:18.037  render           | Fra: 41 | Mem: 1M | Updating Scene BVH | Building
03:18.037  render           | Fra: 41 | Mem: 1M | Updating Scene BVH | Building BVH
03:18.037  render           | Fra: 41 | Mem: 1M | Updating Scene BVH | Building BVH 0%
03:18.041  render           | Fra: 41 | Mem: 1M | Updating Scene BVH | Copying BVH to device
03:18.041  render           | Fra: 41 | Mem: 1M | Updating Mesh | Computing attributes
03:18.041  render           | Fra: 41 | Mem: 1M | Updating Mesh | Copying Attributes to device
03:18.041  render           | Fra: 41 | Mem: 2M | Updating Mesh | Computing normals
03:18.041  render           | Fra: 41 | Mem: 2M | Updating Mesh | Copying Mesh to device
03:18.041  render           | Fra: 41 | Mem: 2M | Updating Objects Flags
03:18.041  render           | Fra: 41 | Mem: 2M | Updating Primitive Offsets
03:18.041  render           | Fra: 41 | Mem: 2M | Updating Images
03:18.041  render           | Fra: 41 | Mem: 2M | Updating Volume
03:18.041  render           | Fra: 41 | Mem: 2M | Updating Camera Volume
03:18.041  render           | Fra: 41 | Mem: 2M | Updating Lookup Tables
03:18.041  render           | Fra: 41 | Mem: 2M | Updating Lights
03:18.041  render           | Fra: 41 | Mem: 2M | Updating Lights | Computing tree
03:18.042  render           | Fra: 41 | Mem: 2M | Updating Integrator
03:18.042  render           | Fra: 41 | Mem: 2M | Updating Film
03:18.042  render           | Fra: 41 | Mem: 2M | Updating Lookup Tables
03:18.042  render           | Fra: 41 | Mem: 2M | Updating Baking
03:18.042  render           | Fra: 41 | Mem: 2M | Updating Device | Writing constant memory
03:18.042  render           | Fra: 41 | Mem: 2M | Loading denoising kernels (may take a few minutes the first time)
03:18.042  render           | Fra: 41 | Mem: 2M | Sample 0/12
03:18.185  render           | Fra: 41 | Remaining: 00:01.57 | Mem: 26M | Sample 1/12
03:22.081  render           | Fra: 41 | Mem: 26M | Sample 12/12
03:22.082  render           | Fra: 41 | Mem: 26M | Finished
03:22.168  render           | Saved: '/home/ricardo/cvg-his-v4/docs/frontend/assets/video/frames/pulse-0041.png'
03:22.168  render           | Time: 00:04.13 (Saving: 00:00.04)
03:22.168  render           | Rendering frame 42
03:22.169  render           | Start rendering: Scene, ViewLayer
03:22.169  render           | Engine: Cycles
03:22.172  render           | Fra: 42 | Mem: 0M | Synchronizing object | Orbita principal
03:22.172  render           | Fra: 42 | Mem: 0M | Synchronizing object | Cyan
03:22.172  render           | Fra: 42 | Mem: 0M | Synchronizing object | Key
03:22.172  render           | Fra: 42 | Mem: 0M | Synchronizing object | Plane
03:22.172  render           | Fra: 42 | Mem: 0M | Synchronizing object | Detalhe champagne
03:22.172  render           | Fra: 42 | Mem: 0M | Synchronizing object | Arco mineral
03:22.172  render           | Fra: 42 | Mem: 0M | Initializing
03:22.173  render           | Fra: 42 | Mem: 0M | Waiting for render to start
03:22.173  render           | Fra: 42 | Mem: 0M | Updating Scene
03:22.173  render           | Fra: 42 | Mem: 0M | Updating Shaders
03:22.173  render           | Fra: 42 | Mem: 0M | Loading render kernels (may take a few minutes the first time)
03:22.173  render           | Fra: 42 | Mem: 1M | Updating Procedurals
03:22.173  render           | Fra: 42 | Mem: 1M | Updating Background
03:22.173  render           | Fra: 42 | Mem: 1M | Updating Scene Attribute
03:22.173  render           | Fra: 42 | Mem: 1M | Updating Camera
03:22.173  render           | Fra: 42 | Mem: 1M | Updating Meshes Flags
03:22.173  render           | Fra: 42 | Mem: 1M | Updating Objects
03:22.173  render           | Fra: 42 | Mem: 1M | Updating Objects | Copying Transformations to device
03:22.173  render           | Fra: 42 | Mem: 1M | Updating Particle Systems
03:22.173  render           | Fra: 42 | Mem: 1M | Updating Particle Systems | Copying Particles to device
03:22.173  render           | Fra: 42 | Mem: 1M | Updating Meshes
03:22.173  render           | Fra: 42 | Mem: 1M | Updating Objects | Applying Static Transformations
03:22.173  render           | Fra: 42 | Mem: 1M | Updating Scene BVH | Building
03:22.173  render           | Fra: 42 | Mem: 1M | Updating Scene BVH | Building BVH
03:22.173  render           | Fra: 42 | Mem: 1M | Updating Scene BVH | Building BVH 0%
03:22.177  render           | Fra: 42 | Mem: 1M | Updating Scene BVH | Copying BVH to device
03:22.177  render           | Fra: 42 | Mem: 1M | Updating Mesh | Computing attributes
03:22.177  render           | Fra: 42 | Mem: 1M | Updating Mesh | Copying Attributes to device
03:22.177  render           | Fra: 42 | Mem: 2M | Updating Mesh | Computing normals
03:22.178  render           | Fra: 42 | Mem: 2M | Updating Mesh | Copying Mesh to device
03:22.178  render           | Fra: 42 | Mem: 2M | Updating Objects Flags
03:22.178  render           | Fra: 42 | Mem: 2M | Updating Primitive Offsets
03:22.178  render           | Fra: 42 | Mem: 2M | Updating Images
03:22.178  render           | Fra: 42 | Mem: 2M | Updating Volume
03:22.178  render           | Fra: 42 | Mem: 2M | Updating Camera Volume
03:22.178  render           | Fra: 42 | Mem: 2M | Updating Lookup Tables
03:22.178  render           | Fra: 42 | Mem: 2M | Updating Lights
03:22.178  render           | Fra: 42 | Mem: 2M | Updating Lights | Computing tree
03:22.178  render           | Fra: 42 | Mem: 2M | Updating Integrator
03:22.178  render           | Fra: 42 | Mem: 2M | Updating Film
03:22.178  render           | Fra: 42 | Mem: 2M | Updating Lookup Tables
03:22.178  render           | Fra: 42 | Mem: 2M | Updating Baking
03:22.178  render           | Fra: 42 | Mem: 2M | Updating Device | Writing constant memory
03:22.178  render           | Fra: 42 | Mem: 2M | Loading denoising kernels (may take a few minutes the first time)
03:22.178  render           | Fra: 42 | Mem: 2M | Sample 0/12
03:22.474  render           | Fra: 42 | Remaining: 00:03.25 | Mem: 26M | Sample 1/12
03:26.376  render           | Fra: 42 | Mem: 26M | Sample 12/12
03:26.376  render           | Fra: 42 | Mem: 26M | Finished
03:26.438  render           | Saved: '/home/ricardo/cvg-his-v4/docs/frontend/assets/video/frames/pulse-0042.png'
03:26.438  render           | Time: 00:04.26 (Saving: 00:00.03)
03:26.438  render           | Rendering frame 43
03:26.438  render           | Start rendering: Scene, ViewLayer
03:26.438  render           | Engine: Cycles
03:26.440  render           | Fra: 43 | Mem: 0M | Synchronizing object | Orbita principal
03:26.440  render           | Fra: 43 | Mem: 0M | Synchronizing object | Detalhe champagne
03:26.440  render           | Fra: 43 | Mem: 0M | Synchronizing object | Plane
03:26.440  render           | Fra: 43 | Mem: 0M | Synchronizing object | Key
03:26.440  render           | Fra: 43 | Mem: 0M | Initializing
03:26.440  render           | Fra: 43 | Mem: 0M | Waiting for render to start
03:26.441  render           | Fra: 43 | Mem: 0M | Updating Scene
03:26.441  render           | Fra: 43 | Mem: 0M | Updating Shaders
03:26.441  render           | Fra: 43 | Mem: 0M | Loading render kernels (may take a few minutes the first time)
03:26.441  render           | Fra: 43 | Mem: 1M | Updating Procedurals
03:26.441  render           | Fra: 43 | Mem: 1M | Updating Background
03:26.441  render           | Fra: 43 | Mem: 1M | Updating Scene Attribute
03:26.441  render           | Fra: 43 | Mem: 1M | Updating Camera
03:26.441  render           | Fra: 43 | Mem: 1M | Updating Meshes Flags
03:26.441  render           | Fra: 43 | Mem: 1M | Updating Objects
03:26.441  render           | Fra: 43 | Mem: 1M | Updating Objects | Copying Transformations to device
03:26.441  render           | Fra: 43 | Mem: 1M | Updating Particle Systems
03:26.441  render           | Fra: 43 | Mem: 1M | Updating Particle Systems | Copying Particles to device
03:26.441  render           | Fra: 43 | Mem: 1M | Updating Meshes
03:26.441  render           | Fra: 43 | Mem: 1M | Updating Objects | Applying Static Transformations
03:26.441  render           | Fra: 43 | Mem: 1M | Updating Scene BVH | Building
03:26.441  render           | Fra: 43 | Mem: 1M | Updating Scene BVH | Building BVH
03:26.441  render           | Fra: 43 | Mem: 1M | Updating Scene BVH | Building BVH 0%
03:26.444  render           | Fra: 43 | Mem: 1M | Updating Scene BVH | Copying BVH to device
03:26.444  render           | Fra: 43 | Mem: 1M | Updating Mesh | Computing attributes
03:26.444  render           | Fra: 43 | Mem: 1M | Updating Mesh | Copying Attributes to device
03:26.444  render           | Fra: 43 | Mem: 2M | Updating Mesh | Computing normals
03:26.444  render           | Fra: 43 | Mem: 2M | Updating Mesh | Copying Mesh to device
03:26.444  render           | Fra: 43 | Mem: 2M | Updating Objects Flags
03:26.444  render           | Fra: 43 | Mem: 2M | Updating Primitive Offsets
03:26.444  render           | Fra: 43 | Mem: 2M | Updating Images
03:26.444  render           | Fra: 43 | Mem: 2M | Updating Volume
03:26.444  render           | Fra: 43 | Mem: 2M | Updating Camera Volume
03:26.444  render           | Fra: 43 | Mem: 2M | Updating Lookup Tables
03:26.444  render           | Fra: 43 | Mem: 2M | Updating Lights
03:26.444  render           | Fra: 43 | Mem: 2M | Updating Lights | Computing tree
03:26.444  render           | Fra: 43 | Mem: 2M | Updating Integrator
03:26.444  render           | Fra: 43 | Mem: 2M | Updating Film
03:26.444  render           | Fra: 43 | Mem: 2M | Updating Lookup Tables
03:26.444  render           | Fra: 43 | Mem: 2M | Updating Baking
03:26.444  render           | Fra: 43 | Mem: 2M | Updating Device | Writing constant memory
03:26.444  render           | Fra: 43 | Mem: 2M | Loading denoising kernels (may take a few minutes the first time)
03:26.444  render           | Fra: 43 | Mem: 2M | Sample 0/12
03:26.643  render           | Fra: 43 | Remaining: 00:02.18 | Mem: 26M | Sample 1/12
03:31.179  render           | Fra: 43 | Mem: 26M | Sample 12/12
03:31.179  render           | Fra: 43 | Mem: 26M | Finished
03:31.275  render           | Saved: '/home/ricardo/cvg-his-v4/docs/frontend/assets/video/frames/pulse-0043.png'
03:31.275  render           | Time: 00:04.83 (Saving: 00:00.04)
03:31.275  render           | Rendering frame 44
03:31.275  render           | Start rendering: Scene, ViewLayer
03:31.275  render           | Engine: Cycles
03:31.280  render           | Fra: 44 | Mem: 0M | Synchronizing object | Orbita principal
03:31.280  render           | Fra: 44 | Mem: 0M | Synchronizing object | Arco mineral
03:31.280  render           | Fra: 44 | Mem: 0M | Synchronizing object | Detalhe champagne
03:31.280  render           | Fra: 44 | Mem: 0M | Synchronizing object | Plane
03:31.280  render           | Fra: 44 | Mem: 0M | Synchronizing object | Key
03:31.280  render           | Fra: 44 | Mem: 0M | Initializing
03:31.282  render           | Fra: 44 | Mem: 0M | Waiting for render to start
03:31.282  render           | Fra: 44 | Mem: 0M | Updating Scene
03:31.282  render           | Fra: 44 | Mem: 0M | Updating Shaders
03:31.282  render           | Fra: 44 | Mem: 0M | Loading render kernels (may take a few minutes the first time)
03:31.282  render           | Fra: 44 | Mem: 1M | Updating Procedurals
03:31.282  render           | Fra: 44 | Mem: 1M | Updating Background
03:31.282  render           | Fra: 44 | Mem: 1M | Updating Scene Attribute
03:31.282  render           | Fra: 44 | Mem: 1M | Updating Camera
03:31.282  render           | Fra: 44 | Mem: 1M | Updating Meshes Flags
03:31.282  render           | Fra: 44 | Mem: 1M | Updating Objects
03:31.282  render           | Fra: 44 | Mem: 1M | Updating Objects | Copying Transformations to device
03:31.282  render           | Fra: 44 | Mem: 1M | Updating Particle Systems
03:31.283  render           | Fra: 44 | Mem: 1M | Updating Particle Systems | Copying Particles to device
03:31.283  render           | Fra: 44 | Mem: 1M | Updating Meshes
03:31.283  render           | Fra: 44 | Mem: 1M | Updating Objects | Applying Static Transformations
03:31.283  render           | Fra: 44 | Mem: 1M | Updating Scene BVH | Building
03:31.283  render           | Fra: 44 | Mem: 1M | Updating Scene BVH | Building BVH
03:31.283  render           | Fra: 44 | Mem: 1M | Updating Scene BVH | Building BVH 0%
03:31.287  render           | Fra: 44 | Mem: 1M | Updating Scene BVH | Copying BVH to device
03:31.287  render           | Fra: 44 | Mem: 1M | Updating Mesh | Computing attributes
03:31.287  render           | Fra: 44 | Mem: 1M | Updating Mesh | Copying Attributes to device
03:31.287  render           | Fra: 44 | Mem: 2M | Updating Mesh | Computing normals
03:31.288  render           | Fra: 44 | Mem: 2M | Updating Mesh | Copying Mesh to device
03:31.288  render           | Fra: 44 | Mem: 2M | Updating Objects Flags
03:31.288  render           | Fra: 44 | Mem: 2M | Updating Primitive Offsets
03:31.288  render           | Fra: 44 | Mem: 2M | Updating Images
03:31.288  render           | Fra: 44 | Mem: 2M | Updating Volume
03:31.288  render           | Fra: 44 | Mem: 2M | Updating Camera Volume
03:31.288  render           | Fra: 44 | Mem: 2M | Updating Lookup Tables
03:31.288  render           | Fra: 44 | Mem: 2M | Updating Lights
03:31.288  render           | Fra: 44 | Mem: 2M | Updating Lights | Computing tree
03:31.288  render           | Fra: 44 | Mem: 2M | Updating Integrator
03:31.288  render           | Fra: 44 | Mem: 2M | Updating Film
03:31.288  render           | Fra: 44 | Mem: 2M | Updating Lookup Tables
03:31.288  render           | Fra: 44 | Mem: 2M | Updating Baking
03:31.288  render           | Fra: 44 | Mem: 2M | Updating Device | Writing constant memory
03:31.288  render           | Fra: 44 | Mem: 2M | Loading denoising kernels (may take a few minutes the first time)
03:31.288  render           | Fra: 44 | Mem: 2M | Sample 0/12
03:31.562  render           | Fra: 44 | Remaining: 00:03.01 | Mem: 26M | Sample 1/12
03:35.362  render           | Fra: 44 | Mem: 26M | Sample 12/12
03:35.362  render           | Fra: 44 | Mem: 26M | Finished
03:35.414  render           | Saved: '/home/ricardo/cvg-his-v4/docs/frontend/assets/video/frames/pulse-0044.png'
03:35.415  render           | Time: 00:04.13 (Saving: 00:00.03)
03:35.415  render           | Rendering frame 45
03:35.415  render           | Start rendering: Scene, ViewLayer
03:35.415  render           | Engine: Cycles
03:35.418  render           | Fra: 45 | Mem: 0M | Synchronizing object | Orbita principal
03:35.418  render           | Fra: 45 | Mem: 0M | Synchronizing object | Cyan
03:35.418  render           | Fra: 45 | Mem: 0M | Synchronizing object | Detalhe champagne
03:35.418  render           | Fra: 45 | Mem: 0M | Synchronizing object | Key
03:35.418  render           | Fra: 45 | Mem: 0M | Synchronizing object | Plane
03:35.419  render           | Fra: 45 | Mem: 0M | Initializing
03:35.419  render           | Fra: 45 | Mem: 0M | Waiting for render to start
03:35.419  render           | Fra: 45 | Mem: 0M | Updating Scene
03:35.419  render           | Fra: 45 | Mem: 0M | Updating Shaders
03:35.420  render           | Fra: 45 | Mem: 0M | Loading render kernels (may take a few minutes the first time)
03:35.420  render           | Fra: 45 | Mem: 1M | Updating Procedurals
03:35.420  render           | Fra: 45 | Mem: 1M | Updating Background
03:35.420  render           | Fra: 45 | Mem: 1M | Updating Scene Attribute
03:35.420  render           | Fra: 45 | Mem: 1M | Updating Camera
03:35.420  render           | Fra: 45 | Mem: 1M | Updating Meshes Flags
03:35.420  render           | Fra: 45 | Mem: 1M | Updating Objects
03:35.420  render           | Fra: 45 | Mem: 1M | Updating Objects | Copying Transformations to device
03:35.420  render           | Fra: 45 | Mem: 1M | Updating Particle Systems
03:35.420  render           | Fra: 45 | Mem: 1M | Updating Particle Systems | Copying Particles to device
03:35.420  render           | Fra: 45 | Mem: 1M | Updating Meshes
03:35.420  render           | Fra: 45 | Mem: 1M | Updating Objects | Applying Static Transformations
03:35.421  render           | Fra: 45 | Mem: 1M | Updating Scene BVH | Building
03:35.421  render           | Fra: 45 | Mem: 1M | Updating Scene BVH | Building BVH
03:35.421  render           | Fra: 45 | Mem: 1M | Updating Scene BVH | Building BVH 0%
03:35.425  render           | Fra: 45 | Mem: 1M | Updating Scene BVH | Copying BVH to device
03:35.426  render           | Fra: 45 | Mem: 1M | Updating Mesh | Computing attributes
03:35.426  render           | Fra: 45 | Mem: 1M | Updating Mesh | Copying Attributes to device
03:35.426  render           | Fra: 45 | Mem: 2M | Updating Mesh | Computing normals
03:35.426  render           | Fra: 45 | Mem: 2M | Updating Mesh | Copying Mesh to device
03:35.426  render           | Fra: 45 | Mem: 2M | Updating Objects Flags
03:35.426  render           | Fra: 45 | Mem: 2M | Updating Primitive Offsets
03:35.426  render           | Fra: 45 | Mem: 2M | Updating Images
03:35.426  render           | Fra: 45 | Mem: 2M | Updating Volume
03:35.426  render           | Fra: 45 | Mem: 2M | Updating Camera Volume
03:35.426  render           | Fra: 45 | Mem: 2M | Updating Lookup Tables
03:35.426  render           | Fra: 45 | Mem: 2M | Updating Lights
03:35.426  render           | Fra: 45 | Mem: 2M | Updating Lights | Computing tree
03:35.426  render           | Fra: 45 | Mem: 2M | Updating Integrator
03:35.426  render           | Fra: 45 | Mem: 2M | Updating Film
03:35.426  render           | Fra: 45 | Mem: 2M | Updating Lookup Tables
03:35.426  render           | Fra: 45 | Mem: 2M | Updating Baking
03:35.426  render           | Fra: 45 | Mem: 2M | Updating Device | Writing constant memory
03:35.426  render           | Fra: 45 | Mem: 2M | Loading denoising kernels (may take a few minutes the first time)
03:35.426  render           | Fra: 45 | Mem: 2M | Sample 0/12
03:35.627  render           | Fra: 45 | Remaining: 00:02.20 | Mem: 26M | Sample 1/12
03:39.929  render           | Fra: 45 | Mem: 26M | Sample 12/12
03:39.929  render           | Fra: 45 | Mem: 26M | Finished
03:40.003  render           | Saved: '/home/ricardo/cvg-his-v4/docs/frontend/assets/video/frames/pulse-0045.png'
03:40.003  render           | Time: 00:04.58 (Saving: 00:00.03)
03:40.003  render           | Rendering frame 46
03:40.003  render           | Start rendering: Scene, ViewLayer
03:40.003  render           | Engine: Cycles
03:40.006  render           | Fra: 46 | Mem: 0M | Synchronizing object | Orbita principal
03:40.006  render           | Fra: 46 | Mem: 0M | Synchronizing object | Plane
03:40.006  render           | Fra: 46 | Mem: 0M | Synchronizing object | Key
03:40.006  render           | Fra: 46 | Mem: 0M | Initializing
03:40.006  render           | Fra: 46 | Mem: 0M | Waiting for render to start
03:40.006  render           | Fra: 46 | Mem: 0M | Updating Scene
03:40.006  render           | Fra: 46 | Mem: 0M | Updating Shaders
03:40.006  render           | Fra: 46 | Mem: 0M | Loading render kernels (may take a few minutes the first time)
03:40.007  render           | Fra: 46 | Mem: 1M | Updating Procedurals
03:40.007  render           | Fra: 46 | Mem: 1M | Updating Background
03:40.007  render           | Fra: 46 | Mem: 1M | Updating Scene Attribute
03:40.007  render           | Fra: 46 | Mem: 1M | Updating Camera
03:40.007  render           | Fra: 46 | Mem: 1M | Updating Meshes Flags
03:40.007  render           | Fra: 46 | Mem: 1M | Updating Objects
03:40.007  render           | Fra: 46 | Mem: 1M | Updating Objects | Copying Transformations to device
03:40.007  render           | Fra: 46 | Mem: 1M | Updating Particle Systems
03:40.007  render           | Fra: 46 | Mem: 1M | Updating Particle Systems | Copying Particles to device
03:40.007  render           | Fra: 46 | Mem: 1M | Updating Meshes
03:40.007  render           | Fra: 46 | Mem: 1M | Updating Objects | Applying Static Transformations
03:40.007  render           | Fra: 46 | Mem: 1M | Updating Scene BVH | Building
03:40.007  render           | Fra: 46 | Mem: 1M | Updating Scene BVH | Building BVH
03:40.007  render           | Fra: 46 | Mem: 1M | Updating Scene BVH | Building BVH 0%
03:40.011  render           | Fra: 46 | Mem: 1M | Updating Scene BVH | Copying BVH to device
03:40.011  render           | Fra: 46 | Mem: 1M | Updating Mesh | Computing attributes
03:40.011  render           | Fra: 46 | Mem: 1M | Updating Mesh | Copying Attributes to device
03:40.011  render           | Fra: 46 | Mem: 2M | Updating Mesh | Computing normals
03:40.011  render           | Fra: 46 | Mem: 2M | Updating Mesh | Copying Mesh to device
03:40.011  render           | Fra: 46 | Mem: 2M | Updating Objects Flags
03:40.011  render           | Fra: 46 | Mem: 2M | Updating Primitive Offsets
03:40.011  render           | Fra: 46 | Mem: 2M | Updating Images
03:40.011  render           | Fra: 46 | Mem: 2M | Updating Volume
03:40.011  render           | Fra: 46 | Mem: 2M | Updating Camera Volume
03:40.011  render           | Fra: 46 | Mem: 2M | Updating Lookup Tables
03:40.011  render           | Fra: 46 | Mem: 2M | Updating Lights
03:40.011  render           | Fra: 46 | Mem: 2M | Updating Lights | Computing tree
03:40.011  render           | Fra: 46 | Mem: 2M | Updating Integrator
03:40.011  render           | Fra: 46 | Mem: 2M | Updating Film
03:40.011  render           | Fra: 46 | Mem: 2M | Updating Lookup Tables
03:40.011  render           | Fra: 46 | Mem: 2M | Updating Baking
03:40.011  render           | Fra: 46 | Mem: 2M | Updating Device | Writing constant memory
03:40.011  render           | Fra: 46 | Mem: 2M | Loading denoising kernels (may take a few minutes the first time)
03:40.011  render           | Fra: 46 | Mem: 2M | Sample 0/12
03:40.280  render           | Fra: 46 | Remaining: 00:02.96 | Mem: 26M | Sample 1/12
03:44.653  render           | Fra: 46 | Mem: 26M | Sample 12/12
03:44.653  render           | Fra: 46 | Mem: 26M | Finished
03:44.702  render           | Saved: '/home/ricardo/cvg-his-v4/docs/frontend/assets/video/frames/pulse-0046.png'
03:44.702  render           | Time: 00:04.69 (Saving: 00:00.02)
03:44.702  render           | Rendering frame 47
03:44.702  render           | Start rendering: Scene, ViewLayer
03:44.702  render           | Engine: Cycles
03:44.704  render           | Fra: 47 | Mem: 0M | Synchronizing object | Orbita principal
03:44.704  render           | Fra: 47 | Mem: 0M | Synchronizing object | Cyan
03:44.704  render           | Fra: 47 | Mem: 0M | Synchronizing object | Plane
03:44.704  render           | Fra: 47 | Mem: 0M | Synchronizing object | Key
03:44.704  render           | Fra: 47 | Mem: 0M | Initializing
03:44.704  render           | Fra: 47 | Mem: 0M | Waiting for render to start
03:44.704  render           | Fra: 47 | Mem: 0M | Updating Scene
03:44.704  render           | Fra: 47 | Mem: 0M | Updating Shaders
03:44.704  render           | Fra: 47 | Mem: 0M | Loading render kernels (may take a few minutes the first time)
03:44.705  render           | Fra: 47 | Mem: 1M | Updating Procedurals
03:44.705  render           | Fra: 47 | Mem: 1M | Updating Background
03:44.705  render           | Fra: 47 | Mem: 1M | Updating Scene Attribute
03:44.705  render           | Fra: 47 | Mem: 1M | Updating Camera
03:44.705  render           | Fra: 47 | Mem: 1M | Updating Meshes Flags
03:44.705  render           | Fra: 47 | Mem: 1M | Updating Objects
03:44.705  render           | Fra: 47 | Mem: 1M | Updating Objects | Copying Transformations to device
03:44.705  render           | Fra: 47 | Mem: 1M | Updating Particle Systems
03:44.705  render           | Fra: 47 | Mem: 1M | Updating Particle Systems | Copying Particles to device
03:44.705  render           | Fra: 47 | Mem: 1M | Updating Meshes
03:44.705  render           | Fra: 47 | Mem: 1M | Updating Objects | Applying Static Transformations
03:44.705  render           | Fra: 47 | Mem: 1M | Updating Scene BVH | Building
03:44.705  render           | Fra: 47 | Mem: 1M | Updating Scene BVH | Building BVH
03:44.705  render           | Fra: 47 | Mem: 1M | Updating Scene BVH | Building BVH 0%
03:44.708  render           | Fra: 47 | Mem: 1M | Updating Scene BVH | Copying BVH to device
03:44.708  render           | Fra: 47 | Mem: 1M | Updating Mesh | Computing attributes
03:44.708  render           | Fra: 47 | Mem: 1M | Updating Mesh | Copying Attributes to device
03:44.708  render           | Fra: 47 | Mem: 2M | Updating Mesh | Computing normals
03:44.708  render           | Fra: 47 | Mem: 2M | Updating Mesh | Copying Mesh to device
03:44.708  render           | Fra: 47 | Mem: 2M | Updating Objects Flags
03:44.708  render           | Fra: 47 | Mem: 2M | Updating Primitive Offsets
03:44.708  render           | Fra: 47 | Mem: 2M | Updating Images
03:44.708  render           | Fra: 47 | Mem: 2M | Updating Volume
03:44.708  render           | Fra: 47 | Mem: 2M | Updating Camera Volume
03:44.708  render           | Fra: 47 | Mem: 2M | Updating Lookup Tables
03:44.708  render           | Fra: 47 | Mem: 2M | Updating Lights
03:44.708  render           | Fra: 47 | Mem: 2M | Updating Lights | Computing tree
03:44.708  render           | Fra: 47 | Mem: 2M | Updating Integrator
03:44.708  render           | Fra: 47 | Mem: 2M | Updating Film
03:44.708  render           | Fra: 47 | Mem: 2M | Updating Lookup Tables
03:44.708  render           | Fra: 47 | Mem: 2M | Updating Baking
03:44.708  render           | Fra: 47 | Mem: 2M | Updating Device | Writing constant memory
03:44.708  render           | Fra: 47 | Mem: 2M | Loading denoising kernels (may take a few minutes the first time)
03:44.708  render           | Fra: 47 | Mem: 2M | Sample 0/12
03:44.842  render           | Fra: 47 | Remaining: 00:01.46 | Mem: 26M | Sample 1/12
03:48.812  render           | Fra: 47 | Mem: 26M | Sample 12/12
03:48.812  render           | Fra: 47 | Mem: 26M | Finished
03:48.895  render           | Saved: '/home/ricardo/cvg-his-v4/docs/frontend/assets/video/frames/pulse-0047.png'
03:48.895  render           | Time: 00:04.19 (Saving: 00:00.04)
03:48.895  render           | Rendering frame 48
03:48.895  render           | Start rendering: Scene, ViewLayer
03:48.895  render           | Engine: Cycles
03:48.897  render           | Fra: 48 | Mem: 0M | Synchronizing object | Orbita principal
03:48.897  render           | Fra: 48 | Mem: 0M | Synchronizing object | Cyan
03:48.898  render           | Fra: 48 | Mem: 0M | Synchronizing object | Key
03:48.898  render           | Fra: 48 | Mem: 0M | Initializing
03:48.898  render           | Fra: 48 | Mem: 0M | Waiting for render to start
03:48.898  render           | Fra: 48 | Mem: 0M | Updating Scene
03:48.898  render           | Fra: 48 | Mem: 0M | Updating Shaders
03:48.898  render           | Fra: 48 | Mem: 0M | Loading render kernels (may take a few minutes the first time)
03:48.898  render           | Fra: 48 | Mem: 1M | Updating Procedurals
03:48.898  render           | Fra: 48 | Mem: 1M | Updating Background
03:48.898  render           | Fra: 48 | Mem: 1M | Updating Scene Attribute
03:48.898  render           | Fra: 48 | Mem: 1M | Updating Camera
03:48.898  render           | Fra: 48 | Mem: 1M | Updating Meshes Flags
03:48.898  render           | Fra: 48 | Mem: 1M | Updating Objects
03:48.898  render           | Fra: 48 | Mem: 1M | Updating Objects | Copying Transformations to device
03:48.898  render           | Fra: 48 | Mem: 1M | Updating Particle Systems
03:48.898  render           | Fra: 48 | Mem: 1M | Updating Particle Systems | Copying Particles to device
03:48.898  render           | Fra: 48 | Mem: 1M | Updating Meshes
03:48.899  render           | Fra: 48 | Mem: 1M | Updating Objects | Applying Static Transformations
03:48.899  render           | Fra: 48 | Mem: 1M | Updating Scene BVH | Building
03:48.899  render           | Fra: 48 | Mem: 1M | Updating Scene BVH | Building BVH
03:48.899  render           | Fra: 48 | Mem: 1M | Updating Scene BVH | Building BVH 0%
03:48.903  render           | Fra: 48 | Mem: 1M | Updating Scene BVH | Copying BVH to device
03:48.904  render           | Fra: 48 | Mem: 1M | Updating Mesh | Computing attributes
03:48.904  render           | Fra: 48 | Mem: 1M | Updating Mesh | Copying Attributes to device
03:48.904  render           | Fra: 48 | Mem: 2M | Updating Mesh | Computing normals
03:48.904  render           | Fra: 48 | Mem: 2M | Updating Mesh | Copying Mesh to device
03:48.904  render           | Fra: 48 | Mem: 2M | Updating Objects Flags
03:48.904  render           | Fra: 48 | Mem: 2M | Updating Primitive Offsets
03:48.904  render           | Fra: 48 | Mem: 2M | Updating Images
03:48.904  render           | Fra: 48 | Mem: 2M | Updating Volume
03:48.904  render           | Fra: 48 | Mem: 2M | Updating Camera Volume
03:48.904  render           | Fra: 48 | Mem: 2M | Updating Lookup Tables
03:48.904  render           | Fra: 48 | Mem: 2M | Updating Lights
03:48.904  render           | Fra: 48 | Mem: 2M | Updating Lights | Computing tree
03:48.904  render           | Fra: 48 | Mem: 2M | Updating Integrator
03:48.904  render           | Fra: 48 | Mem: 2M | Updating Film
03:48.904  render           | Fra: 48 | Mem: 2M | Updating Lookup Tables
03:48.904  render           | Fra: 48 | Mem: 2M | Updating Baking
03:48.904  render           | Fra: 48 | Mem: 2M | Updating Device | Writing constant memory
03:48.904  render           | Fra: 48 | Mem: 2M | Loading denoising kernels (may take a few minutes the first time)
03:48.904  render           | Fra: 48 | Mem: 2M | Sample 0/12
03:49.198  render           | Fra: 48 | Remaining: 00:03.23 | Mem: 26M | Sample 1/12
03:53.910  render           | Fra: 48 | Mem: 26M | Sample 12/12
03:53.910  render           | Fra: 48 | Mem: 26M | Finished
03:53.961  render           | Saved: '/home/ricardo/cvg-his-v4/docs/frontend/assets/video/frames/pulse-0048.png'
03:53.961  render           | Time: 00:05.06 (Saving: 00:00.02)
03:53.961  render           | Rendering frame 49
03:53.961  render           | Start rendering: Scene, ViewLayer
03:53.961  render           | Engine: Cycles
03:53.963  render           | Fra: 49 | Mem: 0M | Synchronizing object | Orbita principal
03:53.963  render           | Fra: 49 | Mem: 0M | Synchronizing object | Arco mineral
03:53.963  render           | Fra: 49 | Mem: 0M | Synchronizing object | Detalhe champagne
03:53.963  render           | Fra: 49 | Mem: 0M | Synchronizing object | Key
03:53.963  render           | Fra: 49 | Mem: 0M | Synchronizing object | Plane
03:53.963  render           | Fra: 49 | Mem: 0M | Initializing
03:53.963  render           | Fra: 49 | Mem: 0M | Waiting for render to start
03:53.963  render           | Fra: 49 | Mem: 0M | Updating Scene
03:53.963  render           | Fra: 49 | Mem: 0M | Updating Shaders
03:53.963  render           | Fra: 49 | Mem: 0M | Loading render kernels (may take a few minutes the first time)
03:53.963  render           | Fra: 49 | Mem: 1M | Updating Procedurals
03:53.963  render           | Fra: 49 | Mem: 1M | Updating Background
03:53.963  render           | Fra: 49 | Mem: 1M | Updating Scene Attribute
03:53.963  render           | Fra: 49 | Mem: 1M | Updating Camera
03:53.963  render           | Fra: 49 | Mem: 1M | Updating Meshes Flags
03:53.963  render           | Fra: 49 | Mem: 1M | Updating Objects
03:53.963  render           | Fra: 49 | Mem: 1M | Updating Objects | Copying Transformations to device
03:53.963  render           | Fra: 49 | Mem: 1M | Updating Particle Systems
03:53.963  render           | Fra: 49 | Mem: 1M | Updating Particle Systems | Copying Particles to device
03:53.963  render           | Fra: 49 | Mem: 1M | Updating Meshes
03:53.963  render           | Fra: 49 | Mem: 1M | Updating Objects | Applying Static Transformations
03:53.963  render           | Fra: 49 | Mem: 1M | Updating Scene BVH | Building
03:53.963  render           | Fra: 49 | Mem: 1M | Updating Scene BVH | Building BVH
03:53.964  render           | Fra: 49 | Mem: 1M | Updating Scene BVH | Building BVH 0%
03:53.966  render           | Fra: 49 | Mem: 1M | Updating Scene BVH | Copying BVH to device
03:53.966  render           | Fra: 49 | Mem: 1M | Updating Mesh | Computing attributes
03:53.966  render           | Fra: 49 | Mem: 1M | Updating Mesh | Copying Attributes to device
03:53.966  render           | Fra: 49 | Mem: 2M | Updating Mesh | Computing normals
03:53.966  render           | Fra: 49 | Mem: 2M | Updating Mesh | Copying Mesh to device
03:53.966  render           | Fra: 49 | Mem: 2M | Updating Objects Flags
03:53.966  render           | Fra: 49 | Mem: 2M | Updating Primitive Offsets
03:53.966  render           | Fra: 49 | Mem: 2M | Updating Images
03:53.966  render           | Fra: 49 | Mem: 2M | Updating Volume
03:53.966  render           | Fra: 49 | Mem: 2M | Updating Camera Volume
03:53.966  render           | Fra: 49 | Mem: 2M | Updating Lookup Tables
03:53.966  render           | Fra: 49 | Mem: 2M | Updating Lights
03:53.966  render           | Fra: 49 | Mem: 2M | Updating Lights | Computing tree
03:53.966  render           | Fra: 49 | Mem: 2M | Updating Integrator
03:53.966  render           | Fra: 49 | Mem: 2M | Updating Film
03:53.966  render           | Fra: 49 | Mem: 2M | Updating Lookup Tables
03:53.966  render           | Fra: 49 | Mem: 2M | Updating Baking
03:53.966  render           | Fra: 49 | Mem: 2M | Updating Device | Writing constant memory
03:53.966  render           | Fra: 49 | Mem: 2M | Loading denoising kernels (may take a few minutes the first time)
03:53.966  render           | Fra: 49 | Mem: 2M | Sample 0/12
03:54.107  render           | Fra: 49 | Remaining: 00:01.54 | Mem: 26M | Sample 1/12
03:58.271  render           | Fra: 49 | Mem: 26M | Sample 12/12
03:58.271  render           | Fra: 49 | Mem: 26M | Finished
03:58.349  render           | Saved: '/home/ricardo/cvg-his-v4/docs/frontend/assets/video/frames/pulse-0049.png'
03:58.349  render           | Time: 00:04.38 (Saving: 00:00.04)
03:58.349  render           | Rendering frame 50
03:58.349  render           | Start rendering: Scene, ViewLayer
03:58.349  render           | Engine: Cycles
03:58.353  render           | Fra: 50 | Mem: 0M | Synchronizing object | Orbita principal
03:58.353  render           | Fra: 50 | Mem: 0M | Synchronizing object | Cyan
03:58.353  render           | Fra: 50 | Mem: 0M | Synchronizing object | Key
03:58.353  render           | Fra: 50 | Mem: 0M | Synchronizing object | Plane
03:58.353  render           | Fra: 50 | Mem: 0M | Synchronizing object | Detalhe champagne
03:58.353  render           | Fra: 50 | Mem: 0M | Synchronizing object | Arco mineral
03:58.353  render           | Fra: 50 | Mem: 0M | Initializing
03:58.353  render           | Fra: 50 | Mem: 0M | Waiting for render to start
03:58.353  render           | Fra: 50 | Mem: 0M | Updating Scene
03:58.353  render           | Fra: 50 | Mem: 0M | Updating Shaders
03:58.353  render           | Fra: 50 | Mem: 0M | Loading render kernels (may take a few minutes the first time)
03:58.354  render           | Fra: 50 | Mem: 1M | Updating Procedurals
03:58.354  render           | Fra: 50 | Mem: 1M | Updating Background
03:58.354  render           | Fra: 50 | Mem: 1M | Updating Scene Attribute
03:58.354  render           | Fra: 50 | Mem: 1M | Updating Camera
03:58.354  render           | Fra: 50 | Mem: 1M | Updating Meshes Flags
03:58.354  render           | Fra: 50 | Mem: 1M | Updating Objects
03:58.354  render           | Fra: 50 | Mem: 1M | Updating Objects | Copying Transformations to device
03:58.354  render           | Fra: 50 | Mem: 1M | Updating Particle Systems
03:58.354  render           | Fra: 50 | Mem: 1M | Updating Particle Systems | Copying Particles to device
03:58.354  render           | Fra: 50 | Mem: 1M | Updating Meshes
03:58.354  render           | Fra: 50 | Mem: 1M | Updating Objects | Applying Static Transformations
03:58.354  render           | Fra: 50 | Mem: 1M | Updating Scene BVH | Building
03:58.354  render           | Fra: 50 | Mem: 1M | Updating Scene BVH | Building BVH
03:58.354  render           | Fra: 50 | Mem: 1M | Updating Scene BVH | Building BVH 0%
03:58.358  render           | Fra: 50 | Mem: 1M | Updating Scene BVH | Copying BVH to device
03:58.358  render           | Fra: 50 | Mem: 1M | Updating Mesh | Computing attributes
03:58.358  render           | Fra: 50 | Mem: 1M | Updating Mesh | Copying Attributes to device
03:58.358  render           | Fra: 50 | Mem: 2M | Updating Mesh | Computing normals
03:58.358  render           | Fra: 50 | Mem: 2M | Updating Mesh | Copying Mesh to device
03:58.358  render           | Fra: 50 | Mem: 2M | Updating Objects Flags
03:58.358  render           | Fra: 50 | Mem: 2M | Updating Primitive Offsets
03:58.358  render           | Fra: 50 | Mem: 2M | Updating Images
03:58.358  render           | Fra: 50 | Mem: 2M | Updating Volume
03:58.358  render           | Fra: 50 | Mem: 2M | Updating Camera Volume
03:58.358  render           | Fra: 50 | Mem: 2M | Updating Lookup Tables
03:58.358  render           | Fra: 50 | Mem: 2M | Updating Lights
03:58.358  render           | Fra: 50 | Mem: 2M | Updating Lights | Computing tree
03:58.358  render           | Fra: 50 | Mem: 2M | Updating Integrator
03:58.358  render           | Fra: 50 | Mem: 2M | Updating Film
03:58.358  render           | Fra: 50 | Mem: 2M | Updating Lookup Tables
03:58.358  render           | Fra: 50 | Mem: 2M | Updating Baking
03:58.358  render           | Fra: 50 | Mem: 2M | Updating Device | Writing constant memory
03:58.358  render           | Fra: 50 | Mem: 2M | Loading denoising kernels (may take a few minutes the first time)
03:58.358  render           | Fra: 50 | Mem: 2M | Sample 0/12
03:58.571  render           | Fra: 50 | Remaining: 00:02.34 | Mem: 26M | Sample 1/12
04:02.707  render           | Fra: 50 | Mem: 26M | Sample 12/12
04:02.707  render           | Fra: 50 | Mem: 26M | Finished
04:02.776  render           | Saved: '/home/ricardo/cvg-his-v4/docs/frontend/assets/video/frames/pulse-0050.png'
04:02.776  render           | Time: 00:04.42 (Saving: 00:00.04)
04:02.776  render           | Rendering frame 51
04:02.776  render           | Start rendering: Scene, ViewLayer
04:02.776  render           | Engine: Cycles
04:02.780  render           | Fra: 51 | Mem: 0M | Synchronizing object | Orbita principal
04:02.780  render           | Fra: 51 | Mem: 0M | Synchronizing object | Plane
04:02.780  render           | Fra: 51 | Mem: 0M | Synchronizing object | Cyan
04:02.780  render           | Fra: 51 | Mem: 0M | Synchronizing object | Key
04:02.781  render           | Fra: 51 | Mem: 0M | Initializing
04:02.781  render           | Fra: 51 | Mem: 0M | Waiting for render to start
04:02.781  render           | Fra: 51 | Mem: 0M | Updating Scene
04:02.781  render           | Fra: 51 | Mem: 0M | Updating Shaders
04:02.782  render           | Fra: 51 | Mem: 0M | Loading render kernels (may take a few minutes the first time)
04:02.782  render           | Fra: 51 | Mem: 1M | Updating Procedurals
04:02.782  render           | Fra: 51 | Mem: 1M | Updating Background
04:02.782  render           | Fra: 51 | Mem: 1M | Updating Scene Attribute
04:02.782  render           | Fra: 51 | Mem: 1M | Updating Camera
04:02.782  render           | Fra: 51 | Mem: 1M | Updating Meshes Flags
04:02.782  render           | Fra: 51 | Mem: 1M | Updating Objects
04:02.782  render           | Fra: 51 | Mem: 1M | Updating Objects | Copying Transformations to device
04:02.782  render           | Fra: 51 | Mem: 1M | Updating Particle Systems
04:02.782  render           | Fra: 51 | Mem: 1M | Updating Particle Systems | Copying Particles to device
04:02.782  render           | Fra: 51 | Mem: 1M | Updating Meshes
04:02.782  render           | Fra: 51 | Mem: 1M | Updating Objects | Applying Static Transformations
04:02.782  render           | Fra: 51 | Mem: 1M | Updating Scene BVH | Building
04:02.782  render           | Fra: 51 | Mem: 1M | Updating Scene BVH | Building BVH
04:02.782  render           | Fra: 51 | Mem: 1M | Updating Scene BVH | Building BVH 0%
04:02.786  render           | Fra: 51 | Mem: 1M | Updating Scene BVH | Copying BVH to device
04:02.786  render           | Fra: 51 | Mem: 1M | Updating Mesh | Computing attributes
04:02.786  render           | Fra: 51 | Mem: 1M | Updating Mesh | Copying Attributes to device
04:02.786  render           | Fra: 51 | Mem: 2M | Updating Mesh | Computing normals
04:02.786  render           | Fra: 51 | Mem: 2M | Updating Mesh | Copying Mesh to device
04:02.786  render           | Fra: 51 | Mem: 2M | Updating Objects Flags
04:02.786  render           | Fra: 51 | Mem: 2M | Updating Primitive Offsets
04:02.786  render           | Fra: 51 | Mem: 2M | Updating Images
04:02.786  render           | Fra: 51 | Mem: 2M | Updating Volume
04:02.786  render           | Fra: 51 | Mem: 2M | Updating Camera Volume
04:02.786  render           | Fra: 51 | Mem: 2M | Updating Lookup Tables
04:02.786  render           | Fra: 51 | Mem: 2M | Updating Lights
04:02.786  render           | Fra: 51 | Mem: 2M | Updating Lights | Computing tree
04:02.786  render           | Fra: 51 | Mem: 2M | Updating Integrator
04:02.786  render           | Fra: 51 | Mem: 2M | Updating Film
04:02.786  render           | Fra: 51 | Mem: 2M | Updating Lookup Tables
04:02.786  render           | Fra: 51 | Mem: 2M | Updating Baking
04:02.786  render           | Fra: 51 | Mem: 2M | Updating Device | Writing constant memory
04:02.786  render           | Fra: 51 | Mem: 2M | Loading denoising kernels (may take a few minutes the first time)
04:02.786  render           | Fra: 51 | Mem: 2M | Sample 0/12
04:03.036  render           | Fra: 51 | Remaining: 00:02.74 | Mem: 26M | Sample 1/12
04:07.596  render           | Fra: 51 | Mem: 26M | Sample 12/12
04:07.596  render           | Fra: 51 | Mem: 26M | Finished
04:07.668  render           | Saved: '/home/ricardo/cvg-his-v4/docs/frontend/assets/video/frames/pulse-0051.png'
04:07.668  render           | Time: 00:04.89 (Saving: 00:00.03)
04:07.668  render           | Rendering frame 52
04:07.668  render           | Start rendering: Scene, ViewLayer
04:07.668  render           | Engine: Cycles
04:07.671  render           | Fra: 52 | Mem: 0M | Synchronizing object | Orbita principal
04:07.671  render           | Fra: 52 | Mem: 0M | Synchronizing object | Arco mineral
04:07.671  render           | Fra: 52 | Mem: 0M | Synchronizing object | Detalhe champagne
04:07.671  render           | Fra: 52 | Mem: 0M | Synchronizing object | Key
04:07.671  render           | Fra: 52 | Mem: 0M | Synchronizing object | Plane
04:07.672  render           | Fra: 52 | Mem: 0M | Initializing
04:07.672  render           | Fra: 52 | Mem: 0M | Waiting for render to start
04:07.672  render           | Fra: 52 | Mem: 0M | Updating Scene
04:07.672  render           | Fra: 52 | Mem: 0M | Updating Shaders
04:07.672  render           | Fra: 52 | Mem: 0M | Loading render kernels (may take a few minutes the first time)
04:07.673  render           | Fra: 52 | Mem: 1M | Updating Procedurals
04:07.673  render           | Fra: 52 | Mem: 1M | Updating Background
04:07.673  render           | Fra: 52 | Mem: 1M | Updating Scene Attribute
04:07.673  render           | Fra: 52 | Mem: 1M | Updating Camera
04:07.673  render           | Fra: 52 | Mem: 1M | Updating Meshes Flags
04:07.673  render           | Fra: 52 | Mem: 1M | Updating Objects
04:07.673  render           | Fra: 52 | Mem: 1M | Updating Objects | Copying Transformations to device
04:07.673  render           | Fra: 52 | Mem: 1M | Updating Particle Systems
04:07.673  render           | Fra: 52 | Mem: 1M | Updating Particle Systems | Copying Particles to device
04:07.673  render           | Fra: 52 | Mem: 1M | Updating Meshes
04:07.673  render           | Fra: 52 | Mem: 1M | Updating Objects | Applying Static Transformations
04:07.673  render           | Fra: 52 | Mem: 1M | Updating Scene BVH | Building
04:07.673  render           | Fra: 52 | Mem: 1M | Updating Scene BVH | Building BVH
04:07.673  render           | Fra: 52 | Mem: 1M | Updating Scene BVH | Building BVH 0%
04:07.676  render           | Fra: 52 | Mem: 1M | Updating Scene BVH | Copying BVH to device
04:07.676  render           | Fra: 52 | Mem: 1M | Updating Mesh | Computing attributes
04:07.676  render           | Fra: 52 | Mem: 1M | Updating Mesh | Copying Attributes to device
04:07.676  render           | Fra: 52 | Mem: 2M | Updating Mesh | Computing normals
04:07.677  render           | Fra: 52 | Mem: 2M | Updating Mesh | Copying Mesh to device
04:07.677  render           | Fra: 52 | Mem: 2M | Updating Objects Flags
04:07.677  render           | Fra: 52 | Mem: 2M | Updating Primitive Offsets
04:07.677  render           | Fra: 52 | Mem: 2M | Updating Images
04:07.677  render           | Fra: 52 | Mem: 2M | Updating Volume
04:07.677  render           | Fra: 52 | Mem: 2M | Updating Camera Volume
04:07.677  render           | Fra: 52 | Mem: 2M | Updating Lookup Tables
04:07.677  render           | Fra: 52 | Mem: 2M | Updating Lights
04:07.677  render           | Fra: 52 | Mem: 2M | Updating Lights | Computing tree
04:07.677  render           | Fra: 52 | Mem: 2M | Updating Integrator
04:07.677  render           | Fra: 52 | Mem: 2M | Updating Film
04:07.677  render           | Fra: 52 | Mem: 2M | Updating Lookup Tables
04:07.677  render           | Fra: 52 | Mem: 2M | Updating Baking
04:07.677  render           | Fra: 52 | Mem: 2M | Updating Device | Writing constant memory
04:07.677  render           | Fra: 52 | Mem: 2M | Loading denoising kernels (may take a few minutes the first time)
04:07.677  render           | Fra: 52 | Mem: 2M | Sample 0/12
04:07.849  render           | Fra: 52 | Remaining: 00:01.89 | Mem: 26M | Sample 1/12
04:11.784  render           | Fra: 52 | Mem: 26M | Sample 12/12
04:11.784  render           | Fra: 52 | Mem: 26M | Finished
04:11.847  render           | Saved: '/home/ricardo/cvg-his-v4/docs/frontend/assets/video/frames/pulse-0052.png'
04:11.847  render           | Time: 00:04.17 (Saving: 00:00.03)
04:11.847  render           | Rendering frame 53
04:11.847  render           | Start rendering: Scene, ViewLayer
04:11.847  render           | Engine: Cycles
04:11.849  render           | Fra: 53 | Mem: 0M | Synchronizing object | Orbita principal
04:11.849  render           | Fra: 53 | Mem: 0M | Synchronizing object | Cyan
04:11.849  render           | Fra: 53 | Mem: 0M | Synchronizing object | Key
04:11.849  render           | Fra: 53 | Mem: 0M | Synchronizing object | Plane
04:11.849  render           | Fra: 53 | Mem: 0M | Synchronizing object | Detalhe champagne
04:11.849  render           | Fra: 53 | Mem: 0M | Synchronizing object | Arco mineral
04:11.849  render           | Fra: 53 | Mem: 0M | Initializing
04:11.850  render           | Fra: 53 | Mem: 0M | Waiting for render to start
04:11.850  render           | Fra: 53 | Mem: 0M | Updating Scene
04:11.850  render           | Fra: 53 | Mem: 0M | Updating Shaders
04:11.850  render           | Fra: 53 | Mem: 0M | Loading render kernels (may take a few minutes the first time)
04:11.850  render           | Fra: 53 | Mem: 1M | Updating Procedurals
04:11.850  render           | Fra: 53 | Mem: 1M | Updating Background
04:11.850  render           | Fra: 53 | Mem: 1M | Updating Scene Attribute
04:11.850  render           | Fra: 53 | Mem: 1M | Updating Camera
04:11.850  render           | Fra: 53 | Mem: 1M | Updating Meshes Flags
04:11.850  render           | Fra: 53 | Mem: 1M | Updating Objects
04:11.850  render           | Fra: 53 | Mem: 1M | Updating Objects | Copying Transformations to device
04:11.850  render           | Fra: 53 | Mem: 1M | Updating Particle Systems
04:11.850  render           | Fra: 53 | Mem: 1M | Updating Particle Systems | Copying Particles to device
04:11.850  render           | Fra: 53 | Mem: 1M | Updating Meshes
04:11.850  render           | Fra: 53 | Mem: 1M | Updating Objects | Applying Static Transformations
04:11.850  render           | Fra: 53 | Mem: 1M | Updating Scene BVH | Building
04:11.850  render           | Fra: 53 | Mem: 1M | Updating Scene BVH | Building BVH
04:11.850  render           | Fra: 53 | Mem: 1M | Updating Scene BVH | Building BVH 0%
04:11.853  render           | Fra: 53 | Mem: 1M | Updating Scene BVH | Copying BVH to device
04:11.853  render           | Fra: 53 | Mem: 1M | Updating Mesh | Computing attributes
04:11.853  render           | Fra: 53 | Mem: 1M | Updating Mesh | Copying Attributes to device
04:11.853  render           | Fra: 53 | Mem: 2M | Updating Mesh | Computing normals
04:11.853  render           | Fra: 53 | Mem: 2M | Updating Mesh | Copying Mesh to device
04:11.853  render           | Fra: 53 | Mem: 2M | Updating Objects Flags
04:11.853  render           | Fra: 53 | Mem: 2M | Updating Primitive Offsets
04:11.853  render           | Fra: 53 | Mem: 2M | Updating Images
04:11.853  render           | Fra: 53 | Mem: 2M | Updating Volume
04:11.853  render           | Fra: 53 | Mem: 2M | Updating Camera Volume
04:11.853  render           | Fra: 53 | Mem: 2M | Updating Lookup Tables
04:11.853  render           | Fra: 53 | Mem: 2M | Updating Lights
04:11.853  render           | Fra: 53 | Mem: 2M | Updating Lights | Computing tree
04:11.853  render           | Fra: 53 | Mem: 2M | Updating Integrator
04:11.853  render           | Fra: 53 | Mem: 2M | Updating Film
04:11.853  render           | Fra: 53 | Mem: 2M | Updating Lookup Tables
04:11.853  render           | Fra: 53 | Mem: 2M | Updating Baking
04:11.853  render           | Fra: 53 | Mem: 2M | Updating Device | Writing constant memory
04:11.853  render           | Fra: 53 | Mem: 2M | Loading denoising kernels (may take a few minutes the first time)
04:11.853  render           | Fra: 53 | Mem: 2M | Sample 0/12
04:12.031  render           | Fra: 53 | Remaining: 00:01.95 | Mem: 26M | Sample 1/12
04:16.655  render           | Fra: 53 | Mem: 26M | Sample 12/12
04:16.655  render           | Fra: 53 | Mem: 26M | Finished
04:16.739  render           | Saved: '/home/ricardo/cvg-his-v4/docs/frontend/assets/video/frames/pulse-0053.png'
04:16.739  render           | Time: 00:04.89 (Saving: 00:00.04)
04:16.739  render           | Rendering frame 54
04:16.739  render           | Start rendering: Scene, ViewLayer
04:16.739  render           | Engine: Cycles
04:16.742  render           | Fra: 54 | Mem: 0M | Synchronizing object | Orbita principal
04:16.742  render           | Fra: 54 | Mem: 0M | Synchronizing object | Cyan
04:16.742  render           | Fra: 54 | Mem: 0M | Synchronizing object | Key
04:16.742  render           | Fra: 54 | Mem: 0M | Synchronizing object | Plane
04:16.742  render           | Fra: 54 | Mem: 0M | Synchronizing object | Detalhe champagne
04:16.742  render           | Fra: 54 | Mem: 0M | Synchronizing object | Arco mineral
04:16.742  render           | Fra: 54 | Mem: 0M | Initializing
04:16.743  render           | Fra: 54 | Mem: 0M | Waiting for render to start
04:16.743  render           | Fra: 54 | Mem: 0M | Updating Scene
04:16.743  render           | Fra: 54 | Mem: 0M | Updating Shaders
04:16.743  render           | Fra: 54 | Mem: 0M | Loading render kernels (may take a few minutes the first time)
04:16.743  render           | Fra: 54 | Mem: 1M | Updating Procedurals
04:16.743  render           | Fra: 54 | Mem: 1M | Updating Background
04:16.743  render           | Fra: 54 | Mem: 1M | Updating Scene Attribute
04:16.743  render           | Fra: 54 | Mem: 1M | Updating Camera
04:16.743  render           | Fra: 54 | Mem: 1M | Updating Meshes Flags
04:16.743  render           | Fra: 54 | Mem: 1M | Updating Objects
04:16.743  render           | Fra: 54 | Mem: 1M | Updating Objects | Copying Transformations to device
04:16.743  render           | Fra: 54 | Mem: 1M | Updating Particle Systems
04:16.743  render           | Fra: 54 | Mem: 1M | Updating Particle Systems | Copying Particles to device
04:16.743  render           | Fra: 54 | Mem: 1M | Updating Meshes
04:16.743  render           | Fra: 54 | Mem: 1M | Updating Objects | Applying Static Transformations
04:16.744  render           | Fra: 54 | Mem: 1M | Updating Scene BVH | Building
04:16.744  render           | Fra: 54 | Mem: 1M | Updating Scene BVH | Building BVH
04:16.744  render           | Fra: 54 | Mem: 1M | Updating Scene BVH | Building BVH 0%
04:16.749  render           | Fra: 54 | Mem: 1M | Updating Scene BVH | Copying BVH to device
04:16.749  render           | Fra: 54 | Mem: 1M | Updating Mesh | Computing attributes
04:16.749  render           | Fra: 54 | Mem: 1M | Updating Mesh | Copying Attributes to device
04:16.749  render           | Fra: 54 | Mem: 2M | Updating Mesh | Computing normals
04:16.749  render           | Fra: 54 | Mem: 2M | Updating Mesh | Copying Mesh to device
04:16.749  render           | Fra: 54 | Mem: 2M | Updating Objects Flags
04:16.749  render           | Fra: 54 | Mem: 2M | Updating Primitive Offsets
04:16.749  render           | Fra: 54 | Mem: 2M | Updating Images
04:16.750  render           | Fra: 54 | Mem: 2M | Updating Volume
04:16.750  render           | Fra: 54 | Mem: 2M | Updating Camera Volume
04:16.750  render           | Fra: 54 | Mem: 2M | Updating Lookup Tables
04:16.750  render           | Fra: 54 | Mem: 2M | Updating Lights
04:16.750  render           | Fra: 54 | Mem: 2M | Updating Lights | Computing tree
04:16.750  render           | Fra: 54 | Mem: 2M | Updating Integrator
04:16.750  render           | Fra: 54 | Mem: 2M | Updating Film
04:16.750  render           | Fra: 54 | Mem: 2M | Updating Lookup Tables
04:16.750  render           | Fra: 54 | Mem: 2M | Updating Baking
04:16.750  render           | Fra: 54 | Mem: 2M | Updating Device | Writing constant memory
04:16.750  render           | Fra: 54 | Mem: 2M | Loading denoising kernels (may take a few minutes the first time)
04:16.750  render           | Fra: 54 | Mem: 2M | Sample 0/12
04:17.030  render           | Fra: 54 | Remaining: 00:03.08 | Mem: 26M | Sample 1/12
04:21.236  render           | Fra: 54 | Mem: 26M | Sample 12/12
04:21.236  render           | Fra: 54 | Mem: 26M | Finished
04:21.329  render           | Saved: '/home/ricardo/cvg-his-v4/docs/frontend/assets/video/frames/pulse-0054.png'
04:21.329  render           | Time: 00:04.59 (Saving: 00:00.05)
04:21.329  render           | Rendering frame 55
04:21.329  render           | Start rendering: Scene, ViewLayer
04:21.329  render           | Engine: Cycles
04:21.334  render           | Fra: 55 | Mem: 0M | Synchronizing object | Cyan
04:21.334  render           | Fra: 55 | Mem: 0M | Synchronizing object | Orbita principal
04:21.334  render           | Fra: 55 | Mem: 0M | Synchronizing object | Plane
04:21.335  render           | Fra: 55 | Mem: 0M | Initializing
04:21.335  render           | Fra: 55 | Mem: 0M | Waiting for render to start
04:21.335  render           | Fra: 55 | Mem: 0M | Updating Scene
04:21.335  render           | Fra: 55 | Mem: 0M | Updating Shaders
04:21.336  render           | Fra: 55 | Mem: 0M | Loading render kernels (may take a few minutes the first time)
04:21.336  render           | Fra: 55 | Mem: 1M | Updating Procedurals
04:21.336  render           | Fra: 55 | Mem: 1M | Updating Background
04:21.336  render           | Fra: 55 | Mem: 1M | Updating Scene Attribute
04:21.336  render           | Fra: 55 | Mem: 1M | Updating Camera
04:21.336  render           | Fra: 55 | Mem: 1M | Updating Meshes Flags
04:21.336  render           | Fra: 55 | Mem: 1M | Updating Objects
04:21.336  render           | Fra: 55 | Mem: 1M | Updating Objects | Copying Transformations to device
04:21.336  render           | Fra: 55 | Mem: 1M | Updating Particle Systems
04:21.336  render           | Fra: 55 | Mem: 1M | Updating Particle Systems | Copying Particles to device
04:21.336  render           | Fra: 55 | Mem: 1M | Updating Meshes
04:21.336  render           | Fra: 55 | Mem: 1M | Updating Objects | Applying Static Transformations
04:21.336  render           | Fra: 55 | Mem: 1M | Updating Scene BVH | Building
04:21.336  render           | Fra: 55 | Mem: 1M | Updating Scene BVH | Building BVH
04:21.336  render           | Fra: 55 | Mem: 1M | Updating Scene BVH | Building BVH 0%
04:21.341  render           | Fra: 55 | Mem: 1M | Updating Scene BVH | Copying BVH to device
04:21.341  render           | Fra: 55 | Mem: 1M | Updating Mesh | Computing attributes
04:21.341  render           | Fra: 55 | Mem: 1M | Updating Mesh | Copying Attributes to device
04:21.341  render           | Fra: 55 | Mem: 2M | Updating Mesh | Computing normals
04:21.341  render           | Fra: 55 | Mem: 2M | Updating Mesh | Copying Mesh to device
04:21.341  render           | Fra: 55 | Mem: 2M | Updating Objects Flags
04:21.341  render           | Fra: 55 | Mem: 2M | Updating Primitive Offsets
04:21.341  render           | Fra: 55 | Mem: 2M | Updating Images
04:21.341  render           | Fra: 55 | Mem: 2M | Updating Volume
04:21.341  render           | Fra: 55 | Mem: 2M | Updating Camera Volume
04:21.341  render           | Fra: 55 | Mem: 2M | Updating Lookup Tables
04:21.341  render           | Fra: 55 | Mem: 2M | Updating Lights
04:21.341  render           | Fra: 55 | Mem: 2M | Updating Lights | Computing tree
04:21.341  render           | Fra: 55 | Mem: 2M | Updating Integrator
04:21.341  render           | Fra: 55 | Mem: 2M | Updating Film
04:21.341  render           | Fra: 55 | Mem: 2M | Updating Lookup Tables
04:21.341  render           | Fra: 55 | Mem: 2M | Updating Baking
04:21.341  render           | Fra: 55 | Mem: 2M | Updating Device | Writing constant memory
04:21.342  render           | Fra: 55 | Mem: 2M | Loading denoising kernels (may take a few minutes the first time)
04:21.342  render           | Fra: 55 | Mem: 2M | Sample 0/12
04:21.587  render           | Fra: 55 | Remaining: 00:02.69 | Mem: 26M | Sample 1/12
04:25.691  render           | Fra: 55 | Mem: 26M | Sample 12/12
04:25.691  render           | Fra: 55 | Mem: 26M | Finished
04:25.743  render           | Saved: '/home/ricardo/cvg-his-v4/docs/frontend/assets/video/frames/pulse-0055.png'
04:25.743  render           | Time: 00:04.41 (Saving: 00:00.02)
04:25.744  render           | Rendering frame 56
04:25.744  render           | Start rendering: Scene, ViewLayer
04:25.744  render           | Engine: Cycles
04:25.745  render           | Fra: 56 | Mem: 0M | Synchronizing object | Orbita principal
04:25.745  render           | Fra: 56 | Mem: 0M | Synchronizing object | Detalhe champagne
04:25.745  render           | Fra: 56 | Mem: 0M | Synchronizing object | Plane
04:25.745  render           | Fra: 56 | Mem: 0M | Synchronizing object | Key
04:25.746  render           | Fra: 56 | Mem: 0M | Initializing
04:25.746  render           | Fra: 56 | Mem: 0M | Waiting for render to start
04:25.746  render           | Fra: 56 | Mem: 0M | Updating Scene
04:25.746  render           | Fra: 56 | Mem: 0M | Updating Shaders
04:25.746  render           | Fra: 56 | Mem: 0M | Loading render kernels (may take a few minutes the first time)
04:25.746  render           | Fra: 56 | Mem: 1M | Updating Procedurals
04:25.746  render           | Fra: 56 | Mem: 1M | Updating Background
04:25.746  render           | Fra: 56 | Mem: 1M | Updating Scene Attribute
04:25.746  render           | Fra: 56 | Mem: 1M | Updating Camera
04:25.746  render           | Fra: 56 | Mem: 1M | Updating Meshes Flags
04:25.746  render           | Fra: 56 | Mem: 1M | Updating Objects
04:25.746  render           | Fra: 56 | Mem: 1M | Updating Objects | Copying Transformations to device
04:25.746  render           | Fra: 56 | Mem: 1M | Updating Particle Systems
04:25.746  render           | Fra: 56 | Mem: 1M | Updating Particle Systems | Copying Particles to device
04:25.746  render           | Fra: 56 | Mem: 1M | Updating Meshes
04:25.746  render           | Fra: 56 | Mem: 1M | Updating Objects | Applying Static Transformations
04:25.746  render           | Fra: 56 | Mem: 1M | Updating Scene BVH | Building
04:25.746  render           | Fra: 56 | Mem: 1M | Updating Scene BVH | Building BVH
04:25.746  render           | Fra: 56 | Mem: 1M | Updating Scene BVH | Building BVH 0%
04:25.749  render           | Fra: 56 | Mem: 1M | Updating Scene BVH | Copying BVH to device
04:25.749  render           | Fra: 56 | Mem: 1M | Updating Mesh | Computing attributes
04:25.749  render           | Fra: 56 | Mem: 1M | Updating Mesh | Copying Attributes to device
04:25.749  render           | Fra: 56 | Mem: 2M | Updating Mesh | Computing normals
04:25.749  render           | Fra: 56 | Mem: 2M | Updating Mesh | Copying Mesh to device
04:25.749  render           | Fra: 56 | Mem: 2M | Updating Objects Flags
04:25.749  render           | Fra: 56 | Mem: 2M | Updating Primitive Offsets
04:25.749  render           | Fra: 56 | Mem: 2M | Updating Images
04:25.749  render           | Fra: 56 | Mem: 2M | Updating Volume
04:25.749  render           | Fra: 56 | Mem: 2M | Updating Camera Volume
04:25.749  render           | Fra: 56 | Mem: 2M | Updating Lookup Tables
04:25.749  render           | Fra: 56 | Mem: 2M | Updating Lights
04:25.749  render           | Fra: 56 | Mem: 2M | Updating Lights | Computing tree
04:25.749  render           | Fra: 56 | Mem: 2M | Updating Integrator
04:25.749  render           | Fra: 56 | Mem: 2M | Updating Film
04:25.749  render           | Fra: 56 | Mem: 2M | Updating Lookup Tables
04:25.749  render           | Fra: 56 | Mem: 2M | Updating Baking
04:25.749  render           | Fra: 56 | Mem: 2M | Updating Device | Writing constant memory
04:25.749  render           | Fra: 56 | Mem: 2M | Loading denoising kernels (may take a few minutes the first time)
04:25.749  render           | Fra: 56 | Mem: 2M | Sample 0/12
04:25.884  render           | Fra: 56 | Remaining: 00:01.47 | Mem: 26M | Sample 1/12
04:30.289  render           | Fra: 56 | Mem: 26M | Sample 12/12
04:30.289  render           | Fra: 56 | Mem: 26M | Finished
04:30.351  render           | Saved: '/home/ricardo/cvg-his-v4/docs/frontend/assets/video/frames/pulse-0056.png'
04:30.351  render           | Time: 00:04.60 (Saving: 00:00.03)
04:30.351  render           | Rendering frame 57
04:30.351  render           | Start rendering: Scene, ViewLayer
04:30.351  render           | Engine: Cycles
04:30.354  render           | Fra: 57 | Mem: 0M | Synchronizing object | Orbita principal
04:30.354  render           | Fra: 57 | Mem: 0M | Synchronizing object | Detalhe champagne
04:30.354  render           | Fra: 57 | Mem: 0M | Synchronizing object | Key
04:30.354  render           | Fra: 57 | Mem: 0M | Synchronizing object | Plane
04:30.354  render           | Fra: 57 | Mem: 0M | Initializing
04:30.355  render           | Fra: 57 | Mem: 0M | Waiting for render to start
04:30.355  render           | Fra: 57 | Mem: 0M | Updating Scene
04:30.355  render           | Fra: 57 | Mem: 0M | Updating Shaders
04:30.355  render           | Fra: 57 | Mem: 0M | Loading render kernels (may take a few minutes the first time)
04:30.355  render           | Fra: 57 | Mem: 1M | Updating Procedurals
04:30.355  render           | Fra: 57 | Mem: 1M | Updating Background
04:30.355  render           | Fra: 57 | Mem: 1M | Updating Scene Attribute
04:30.355  render           | Fra: 57 | Mem: 1M | Updating Camera
04:30.355  render           | Fra: 57 | Mem: 1M | Updating Meshes Flags
04:30.355  render           | Fra: 57 | Mem: 1M | Updating Objects
04:30.355  render           | Fra: 57 | Mem: 1M | Updating Objects | Copying Transformations to device
04:30.355  render           | Fra: 57 | Mem: 1M | Updating Particle Systems
04:30.355  render           | Fra: 57 | Mem: 1M | Updating Particle Systems | Copying Particles to device
04:30.355  render           | Fra: 57 | Mem: 1M | Updating Meshes
04:30.355  render           | Fra: 57 | Mem: 1M | Updating Objects | Applying Static Transformations
04:30.355  render           | Fra: 57 | Mem: 1M | Updating Scene BVH | Building
04:30.355  render           | Fra: 57 | Mem: 1M | Updating Scene BVH | Building BVH
04:30.355  render           | Fra: 57 | Mem: 1M | Updating Scene BVH | Building BVH 0%
04:30.360  render           | Fra: 57 | Mem: 1M | Updating Scene BVH | Copying BVH to device
04:30.360  render           | Fra: 57 | Mem: 1M | Updating Mesh | Computing attributes
04:30.360  render           | Fra: 57 | Mem: 1M | Updating Mesh | Copying Attributes to device
04:30.360  render           | Fra: 57 | Mem: 2M | Updating Mesh | Computing normals
04:30.360  render           | Fra: 57 | Mem: 2M | Updating Mesh | Copying Mesh to device
04:30.360  render           | Fra: 57 | Mem: 2M | Updating Objects Flags
04:30.360  render           | Fra: 57 | Mem: 2M | Updating Primitive Offsets
04:30.360  render           | Fra: 57 | Mem: 2M | Updating Images
04:30.360  render           | Fra: 57 | Mem: 2M | Updating Volume
04:30.360  render           | Fra: 57 | Mem: 2M | Updating Camera Volume
04:30.360  render           | Fra: 57 | Mem: 2M | Updating Lookup Tables
04:30.360  render           | Fra: 57 | Mem: 2M | Updating Lights
04:30.360  render           | Fra: 57 | Mem: 2M | Updating Lights | Computing tree
04:30.360  render           | Fra: 57 | Mem: 2M | Updating Integrator
04:30.360  render           | Fra: 57 | Mem: 2M | Updating Film
04:30.360  render           | Fra: 57 | Mem: 2M | Updating Lookup Tables
04:30.360  render           | Fra: 57 | Mem: 2M | Updating Baking
04:30.360  render           | Fra: 57 | Mem: 2M | Updating Device | Writing constant memory
04:30.360  render           | Fra: 57 | Mem: 2M | Loading denoising kernels (may take a few minutes the first time)
04:30.360  render           | Fra: 57 | Mem: 2M | Sample 0/12
04:30.592  render           | Fra: 57 | Remaining: 00:02.54 | Mem: 26M | Sample 1/12
04:34.222  render           | Fra: 57 | Mem: 26M | Sample 12/12
04:34.222  render           | Fra: 57 | Mem: 26M | Finished
04:34.285  render           | Saved: '/home/ricardo/cvg-his-v4/docs/frontend/assets/video/frames/pulse-0057.png'
04:34.285  render           | Time: 00:03.93 (Saving: 00:00.03)
04:34.285  render           | Rendering frame 58
04:34.285  render           | Start rendering: Scene, ViewLayer
04:34.285  render           | Engine: Cycles
04:34.287  render           | Fra: 58 | Mem: 0M | Synchronizing object | Orbita principal
04:34.288  render           | Fra: 58 | Mem: 0M | Synchronizing object | Plane
04:34.288  render           | Fra: 58 | Mem: 0M | Synchronizing object | Key
04:34.288  render           | Fra: 58 | Mem: 0M | Initializing
04:34.288  render           | Fra: 58 | Mem: 0M | Waiting for render to start
04:34.288  render           | Fra: 58 | Mem: 0M | Updating Scene
04:34.288  render           | Fra: 58 | Mem: 0M | Updating Shaders
04:34.288  render           | Fra: 58 | Mem: 0M | Loading render kernels (may take a few minutes the first time)
04:34.289  render           | Fra: 58 | Mem: 1M | Updating Procedurals
04:34.289  render           | Fra: 58 | Mem: 1M | Updating Background
04:34.289  render           | Fra: 58 | Mem: 1M | Updating Scene Attribute
04:34.289  render           | Fra: 58 | Mem: 1M | Updating Camera
04:34.289  render           | Fra: 58 | Mem: 1M | Updating Meshes Flags
04:34.289  render           | Fra: 58 | Mem: 1M | Updating Objects
04:34.289  render           | Fra: 58 | Mem: 1M | Updating Objects | Copying Transformations to device
04:34.289  render           | Fra: 58 | Mem: 1M | Updating Particle Systems
04:34.289  render           | Fra: 58 | Mem: 1M | Updating Particle Systems | Copying Particles to device
04:34.289  render           | Fra: 58 | Mem: 1M | Updating Meshes
04:34.289  render           | Fra: 58 | Mem: 1M | Updating Objects | Applying Static Transformations
04:34.289  render           | Fra: 58 | Mem: 1M | Updating Scene BVH | Building
04:34.289  render           | Fra: 58 | Mem: 1M | Updating Scene BVH | Building BVH
04:34.289  render           | Fra: 58 | Mem: 1M | Updating Scene BVH | Building BVH 0%
04:34.292  render           | Fra: 58 | Mem: 1M | Updating Scene BVH | Copying BVH to device
04:34.292  render           | Fra: 58 | Mem: 1M | Updating Mesh | Computing attributes
04:34.292  render           | Fra: 58 | Mem: 1M | Updating Mesh | Copying Attributes to device
04:34.292  render           | Fra: 58 | Mem: 2M | Updating Mesh | Computing normals
04:34.292  render           | Fra: 58 | Mem: 2M | Updating Mesh | Copying Mesh to device
04:34.292  render           | Fra: 58 | Mem: 2M | Updating Objects Flags
04:34.292  render           | Fra: 58 | Mem: 2M | Updating Primitive Offsets
04:34.292  render           | Fra: 58 | Mem: 2M | Updating Images
04:34.292  render           | Fra: 58 | Mem: 2M | Updating Volume
04:34.292  render           | Fra: 58 | Mem: 2M | Updating Camera Volume
04:34.292  render           | Fra: 58 | Mem: 2M | Updating Lookup Tables
04:34.292  render           | Fra: 58 | Mem: 2M | Updating Lights
04:34.292  render           | Fra: 58 | Mem: 2M | Updating Lights | Computing tree
04:34.292  render           | Fra: 58 | Mem: 2M | Updating Integrator
04:34.292  render           | Fra: 58 | Mem: 2M | Updating Film
04:34.293  render           | Fra: 58 | Mem: 2M | Updating Lookup Tables
04:34.293  render           | Fra: 58 | Mem: 2M | Updating Baking
04:34.293  render           | Fra: 58 | Mem: 2M | Updating Device | Writing constant memory
04:34.293  render           | Fra: 58 | Mem: 2M | Loading denoising kernels (may take a few minutes the first time)
04:34.293  render           | Fra: 58 | Mem: 2M | Sample 0/12
04:34.552  render           | Fra: 58 | Remaining: 00:02.85 | Mem: 26M | Sample 1/12
04:38.763  render           | Fra: 58 | Mem: 26M | Sample 12/12
04:38.763  render           | Fra: 58 | Mem: 26M | Finished
04:38.827  render           | Saved: '/home/ricardo/cvg-his-v4/docs/frontend/assets/video/frames/pulse-0058.png'
04:38.827  render           | Time: 00:04.54 (Saving: 00:00.03)
04:38.827  render           | Rendering frame 59
04:38.827  render           | Start rendering: Scene, ViewLayer
04:38.827  render           | Engine: Cycles
04:38.830  render           | Fra: 59 | Mem: 0M | Synchronizing object | Orbita principal
04:38.830  render           | Fra: 59 | Mem: 0M | Synchronizing object | Cyan
04:38.830  render           | Fra: 59 | Mem: 0M | Synchronizing object | Key
04:38.830  render           | Fra: 59 | Mem: 0M | Synchronizing object | Plane
04:38.830  render           | Fra: 59 | Mem: 0M | Synchronizing object | Detalhe champagne
04:38.830  render           | Fra: 59 | Mem: 0M | Initializing
04:38.831  render           | Fra: 59 | Mem: 0M | Waiting for render to start
04:38.831  render           | Fra: 59 | Mem: 0M | Updating Scene
04:38.831  render           | Fra: 59 | Mem: 0M | Updating Shaders
04:38.831  render           | Fra: 59 | Mem: 0M | Loading render kernels (may take a few minutes the first time)
04:38.831  render           | Fra: 59 | Mem: 1M | Updating Procedurals
04:38.831  render           | Fra: 59 | Mem: 1M | Updating Background
04:38.831  render           | Fra: 59 | Mem: 1M | Updating Scene Attribute
04:38.831  render           | Fra: 59 | Mem: 1M | Updating Camera
04:38.831  render           | Fra: 59 | Mem: 1M | Updating Meshes Flags
04:38.831  render           | Fra: 59 | Mem: 1M | Updating Objects
04:38.831  render           | Fra: 59 | Mem: 1M | Updating Objects | Copying Transformations to device
04:38.831  render           | Fra: 59 | Mem: 1M | Updating Particle Systems
04:38.831  render           | Fra: 59 | Mem: 1M | Updating Particle Systems | Copying Particles to device
04:38.831  render           | Fra: 59 | Mem: 1M | Updating Meshes
04:38.831  render           | Fra: 59 | Mem: 1M | Updating Objects | Applying Static Transformations
04:38.831  render           | Fra: 59 | Mem: 1M | Updating Scene BVH | Building
04:38.831  render           | Fra: 59 | Mem: 1M | Updating Scene BVH | Building BVH
04:38.831  render           | Fra: 59 | Mem: 1M | Updating Scene BVH | Building BVH 0%
04:38.836  render           | Fra: 59 | Mem: 1M | Updating Scene BVH | Copying BVH to device
04:38.836  render           | Fra: 59 | Mem: 1M | Updating Mesh | Computing attributes
04:38.836  render           | Fra: 59 | Mem: 1M | Updating Mesh | Copying Attributes to device
04:38.836  render           | Fra: 59 | Mem: 2M | Updating Mesh | Computing normals
04:38.836  render           | Fra: 59 | Mem: 2M | Updating Mesh | Copying Mesh to device
04:38.836  render           | Fra: 59 | Mem: 2M | Updating Objects Flags
04:38.836  render           | Fra: 59 | Mem: 2M | Updating Primitive Offsets
04:38.836  render           | Fra: 59 | Mem: 2M | Updating Images
04:38.836  render           | Fra: 59 | Mem: 2M | Updating Volume
04:38.836  render           | Fra: 59 | Mem: 2M | Updating Camera Volume
04:38.836  render           | Fra: 59 | Mem: 2M | Updating Lookup Tables
04:38.836  render           | Fra: 59 | Mem: 2M | Updating Lights
04:38.836  render           | Fra: 59 | Mem: 2M | Updating Lights | Computing tree
04:38.836  render           | Fra: 59 | Mem: 2M | Updating Integrator
04:38.836  render           | Fra: 59 | Mem: 2M | Updating Film
04:38.836  render           | Fra: 59 | Mem: 2M | Updating Lookup Tables
04:38.836  render           | Fra: 59 | Mem: 2M | Updating Baking
04:38.836  render           | Fra: 59 | Mem: 2M | Updating Device | Writing constant memory
04:38.836  render           | Fra: 59 | Mem: 2M | Loading denoising kernels (may take a few minutes the first time)
04:38.836  render           | Fra: 59 | Mem: 2M | Sample 0/12
04:39.109  render           | Fra: 59 | Remaining: 00:02.99 | Mem: 26M | Sample 1/12
04:43.415  render           | Fra: 59 | Mem: 26M | Sample 12/12
04:43.415  render           | Fra: 59 | Mem: 26M | Finished
04:43.466  render           | Saved: '/home/ricardo/cvg-his-v4/docs/frontend/assets/video/frames/pulse-0059.png'
04:43.466  render           | Time: 00:04.63 (Saving: 00:00.03)
04:43.466  render           | Rendering frame 60
04:43.466  render           | Start rendering: Scene, ViewLayer
04:43.466  render           | Engine: Cycles
04:43.468  render           | Fra: 60 | Mem: 0M | Synchronizing object | Cyan
04:43.468  render           | Fra: 60 | Mem: 0M | Synchronizing object | Key
04:43.468  render           | Fra: 60 | Mem: 0M | Synchronizing object | Plane
04:43.468  render           | Fra: 60 | Mem: 0M | Synchronizing object | Detalhe champagne
04:43.468  render           | Fra: 60 | Mem: 0M | Synchronizing object | Arco mineral
04:43.468  render           | Fra: 60 | Mem: 0M | Initializing
04:43.469  render           | Fra: 60 | Mem: 0M | Waiting for render to start
04:43.469  render           | Fra: 60 | Mem: 0M | Updating Scene
04:43.469  render           | Fra: 60 | Mem: 0M | Updating Shaders
04:43.469  render           | Fra: 60 | Mem: 0M | Loading render kernels (may take a few minutes the first time)
04:43.469  render           | Fra: 60 | Mem: 1M | Updating Procedurals
04:43.469  render           | Fra: 60 | Mem: 1M | Updating Background
04:43.469  render           | Fra: 60 | Mem: 1M | Updating Scene Attribute
04:43.469  render           | Fra: 60 | Mem: 1M | Updating Camera
04:43.469  render           | Fra: 60 | Mem: 1M | Updating Meshes Flags
04:43.469  render           | Fra: 60 | Mem: 1M | Updating Objects
04:43.469  render           | Fra: 60 | Mem: 1M | Updating Objects | Copying Transformations to device
04:43.469  render           | Fra: 60 | Mem: 1M | Updating Particle Systems
04:43.469  render           | Fra: 60 | Mem: 1M | Updating Particle Systems | Copying Particles to device
04:43.469  render           | Fra: 60 | Mem: 1M | Updating Meshes
04:43.469  render           | Fra: 60 | Mem: 1M | Updating Objects | Applying Static Transformations
04:43.469  render           | Fra: 60 | Mem: 1M | Updating Scene BVH | Building
04:43.469  render           | Fra: 60 | Mem: 1M | Updating Scene BVH | Building BVH
04:43.469  render           | Fra: 60 | Mem: 1M | Updating Scene BVH | Building BVH 0%
04:43.473  render           | Fra: 60 | Mem: 1M | Updating Scene BVH | Copying BVH to device
04:43.473  render           | Fra: 60 | Mem: 1M | Updating Mesh | Computing attributes
04:43.473  render           | Fra: 60 | Mem: 1M | Updating Mesh | Copying Attributes to device
04:43.473  render           | Fra: 60 | Mem: 2M | Updating Mesh | Computing normals
04:43.473  render           | Fra: 60 | Mem: 2M | Updating Mesh | Copying Mesh to device
04:43.473  render           | Fra: 60 | Mem: 2M | Updating Objects Flags
04:43.473  render           | Fra: 60 | Mem: 2M | Updating Primitive Offsets
04:43.473  render           | Fra: 60 | Mem: 2M | Updating Images
04:43.473  render           | Fra: 60 | Mem: 2M | Updating Volume
04:43.473  render           | Fra: 60 | Mem: 2M | Updating Camera Volume
04:43.473  render           | Fra: 60 | Mem: 2M | Updating Lookup Tables
04:43.473  render           | Fra: 60 | Mem: 2M | Updating Lights
04:43.473  render           | Fra: 60 | Mem: 2M | Updating Lights | Computing tree
04:43.473  render           | Fra: 60 | Mem: 2M | Updating Integrator
04:43.473  render           | Fra: 60 | Mem: 2M | Updating Film
04:43.473  render           | Fra: 60 | Mem: 2M | Updating Lookup Tables
04:43.473  render           | Fra: 60 | Mem: 2M | Updating Baking
04:43.473  render           | Fra: 60 | Mem: 2M | Updating Device | Writing constant memory
04:43.473  render           | Fra: 60 | Mem: 2M | Loading denoising kernels (may take a few minutes the first time)
04:43.473  render           | Fra: 60 | Mem: 2M | Sample 0/12
04:43.717  render           | Fra: 60 | Remaining: 00:02.67 | Mem: 26M | Sample 1/12
04:47.743  render           | Fra: 60 | Mem: 26M | Sample 12/12
04:47.743  render           | Fra: 60 | Mem: 26M | Finished
04:47.796  render           | Saved: '/home/ricardo/cvg-his-v4/docs/frontend/assets/video/frames/pulse-0060.png'
04:47.796  render           | Time: 00:04.33 (Saving: 00:00.02)
04:47.796  render           | Rendering frame 61
04:47.797  render           | Start rendering: Scene, ViewLayer
04:47.797  render           | Engine: Cycles
04:47.798  render           | Fra: 61 | Mem: 0M | Synchronizing object | Orbita principal
04:47.798  render           | Fra: 61 | Mem: 0M | Synchronizing object | Arco mineral
04:47.798  render           | Fra: 61 | Mem: 0M | Synchronizing object | Detalhe champagne
04:47.798  render           | Fra: 61 | Mem: 0M | Synchronizing object | Plane
04:47.798  render           | Fra: 61 | Mem: 0M | Synchronizing object | Key
04:47.798  render           | Fra: 61 | Mem: 0M | Initializing
04:47.798  render           | Fra: 61 | Mem: 0M | Waiting for render to start
04:47.798  render           | Fra: 61 | Mem: 0M | Updating Scene
04:47.798  render           | Fra: 61 | Mem: 0M | Updating Shaders
04:47.799  render           | Fra: 61 | Mem: 0M | Loading render kernels (may take a few minutes the first time)
04:47.799  render           | Fra: 61 | Mem: 1M | Updating Procedurals
04:47.799  render           | Fra: 61 | Mem: 1M | Updating Background
04:47.799  render           | Fra: 61 | Mem: 1M | Updating Scene Attribute
04:47.799  render           | Fra: 61 | Mem: 1M | Updating Camera
04:47.799  render           | Fra: 61 | Mem: 1M | Updating Meshes Flags
04:47.799  render           | Fra: 61 | Mem: 1M | Updating Objects
04:47.799  render           | Fra: 61 | Mem: 1M | Updating Objects | Copying Transformations to device
04:47.799  render           | Fra: 61 | Mem: 1M | Updating Particle Systems
04:47.799  render           | Fra: 61 | Mem: 1M | Updating Particle Systems | Copying Particles to device
04:47.799  render           | Fra: 61 | Mem: 1M | Updating Meshes
04:47.799  render           | Fra: 61 | Mem: 1M | Updating Objects | Applying Static Transformations
04:47.799  render           | Fra: 61 | Mem: 1M | Updating Scene BVH | Building
04:47.799  render           | Fra: 61 | Mem: 1M | Updating Scene BVH | Building BVH
04:47.799  render           | Fra: 61 | Mem: 1M | Updating Scene BVH | Building BVH 0%
04:47.801  render           | Fra: 61 | Mem: 1M | Updating Scene BVH | Copying BVH to device
04:47.801  render           | Fra: 61 | Mem: 1M | Updating Mesh | Computing attributes
04:47.801  render           | Fra: 61 | Mem: 1M | Updating Mesh | Copying Attributes to device
04:47.801  render           | Fra: 61 | Mem: 2M | Updating Mesh | Computing normals
04:47.801  render           | Fra: 61 | Mem: 2M | Updating Mesh | Copying Mesh to device
04:47.801  render           | Fra: 61 | Mem: 2M | Updating Objects Flags
04:47.801  render           | Fra: 61 | Mem: 2M | Updating Primitive Offsets
04:47.801  render           | Fra: 61 | Mem: 2M | Updating Images
04:47.801  render           | Fra: 61 | Mem: 2M | Updating Volume
04:47.801  render           | Fra: 61 | Mem: 2M | Updating Camera Volume
04:47.801  render           | Fra: 61 | Mem: 2M | Updating Lookup Tables
04:47.801  render           | Fra: 61 | Mem: 2M | Updating Lights
04:47.801  render           | Fra: 61 | Mem: 2M | Updating Lights | Computing tree
04:47.801  render           | Fra: 61 | Mem: 2M | Updating Integrator
04:47.801  render           | Fra: 61 | Mem: 2M | Updating Film
04:47.801  render           | Fra: 61 | Mem: 2M | Updating Lookup Tables
04:47.801  render           | Fra: 61 | Mem: 2M | Updating Baking
04:47.801  render           | Fra: 61 | Mem: 2M | Updating Device | Writing constant memory
04:47.801  render           | Fra: 61 | Mem: 2M | Loading denoising kernels (may take a few minutes the first time)
04:47.801  render           | Fra: 61 | Mem: 2M | Sample 0/12
04:47.967  render           | Fra: 61 | Remaining: 00:01.82 | Mem: 26M | Sample 1/12
04:52.875  render           | Fra: 61 | Mem: 26M | Sample 12/12
04:52.875  render           | Fra: 61 | Mem: 26M | Finished
04:52.963  render           | Saved: '/home/ricardo/cvg-his-v4/docs/frontend/assets/video/frames/pulse-0061.png'
04:52.964  render           | Time: 00:05.16 (Saving: 00:00.04)
04:52.964  render           | Rendering frame 62
04:52.964  render           | Start rendering: Scene, ViewLayer
04:52.964  render           | Engine: Cycles
04:52.966  render           | Fra: 62 | Mem: 0M | Synchronizing object | Orbita principal
04:52.966  render           | Fra: 62 | Mem: 0M | Synchronizing object | Arco mineral
04:52.966  render           | Fra: 62 | Mem: 0M | Synchronizing object | Cyan
04:52.966  render           | Fra: 62 | Mem: 0M | Synchronizing object | Key
04:52.966  render           | Fra: 62 | Mem: 0M | Synchronizing object | Plane
04:52.966  render           | Fra: 62 | Mem: 0M | Synchronizing object | Detalhe champagne
04:52.967  render           | Fra: 62 | Mem: 0M | Initializing
04:52.968  render           | Fra: 62 | Mem: 0M | Waiting for render to start
04:52.968  render           | Fra: 62 | Mem: 0M | Updating Scene
04:52.968  render           | Fra: 62 | Mem: 0M | Updating Shaders
04:52.968  render           | Fra: 62 | Mem: 0M | Loading render kernels (may take a few minutes the first time)
04:52.968  render           | Fra: 62 | Mem: 1M | Updating Procedurals
04:52.968  render           | Fra: 62 | Mem: 1M | Updating Background
04:52.968  render           | Fra: 62 | Mem: 1M | Updating Scene Attribute
04:52.968  render           | Fra: 62 | Mem: 1M | Updating Camera
04:52.968  render           | Fra: 62 | Mem: 1M | Updating Meshes Flags
04:52.968  render           | Fra: 62 | Mem: 1M | Updating Objects
04:52.968  render           | Fra: 62 | Mem: 1M | Updating Objects | Copying Transformations to device
04:52.968  render           | Fra: 62 | Mem: 1M | Updating Particle Systems
04:52.968  render           | Fra: 62 | Mem: 1M | Updating Particle Systems | Copying Particles to device
04:52.968  render           | Fra: 62 | Mem: 1M | Updating Meshes
04:52.968  render           | Fra: 62 | Mem: 1M | Updating Objects | Applying Static Transformations
04:52.969  render           | Fra: 62 | Mem: 1M | Updating Scene BVH | Building
04:52.969  render           | Fra: 62 | Mem: 1M | Updating Scene BVH | Building BVH
04:52.969  render           | Fra: 62 | Mem: 1M | Updating Scene BVH | Building BVH 0%
04:52.974  render           | Fra: 62 | Mem: 1M | Updating Scene BVH | Copying BVH to device
04:52.974  render           | Fra: 62 | Mem: 1M | Updating Mesh | Computing attributes
04:52.974  render           | Fra: 62 | Mem: 1M | Updating Mesh | Copying Attributes to device
04:52.974  render           | Fra: 62 | Mem: 2M | Updating Mesh | Computing normals
04:52.974  render           | Fra: 62 | Mem: 2M | Updating Mesh | Copying Mesh to device
04:52.974  render           | Fra: 62 | Mem: 2M | Updating Objects Flags
04:52.974  render           | Fra: 62 | Mem: 2M | Updating Primitive Offsets
04:52.974  render           | Fra: 62 | Mem: 2M | Updating Images
04:52.974  render           | Fra: 62 | Mem: 2M | Updating Volume
04:52.974  render           | Fra: 62 | Mem: 2M | Updating Camera Volume
04:52.974  render           | Fra: 62 | Mem: 2M | Updating Lookup Tables
04:52.974  render           | Fra: 62 | Mem: 2M | Updating Lights
04:52.974  render           | Fra: 62 | Mem: 2M | Updating Lights | Computing tree
04:52.974  render           | Fra: 62 | Mem: 2M | Updating Integrator
04:52.974  render           | Fra: 62 | Mem: 2M | Updating Film
04:52.974  render           | Fra: 62 | Mem: 2M | Updating Lookup Tables
04:52.974  render           | Fra: 62 | Mem: 2M | Updating Baking
04:52.974  render           | Fra: 62 | Mem: 2M | Updating Device | Writing constant memory
04:52.974  render           | Fra: 62 | Mem: 2M | Loading denoising kernels (may take a few minutes the first time)
04:52.974  render           | Fra: 62 | Mem: 2M | Sample 0/12
04:53.260  render           | Fra: 62 | Remaining: 00:03.14 | Mem: 26M | Sample 1/12
04:57.544  render           | Fra: 62 | Mem: 26M | Sample 12/12
04:57.544  render           | Fra: 62 | Mem: 26M | Finished
04:57.625  render           | Saved: '/home/ricardo/cvg-his-v4/docs/frontend/assets/video/frames/pulse-0062.png'
04:57.625  render           | Time: 00:04.66 (Saving: 00:00.04)
04:57.625  render           | Rendering frame 63
04:57.625  render           | Start rendering: Scene, ViewLayer
04:57.625  render           | Engine: Cycles
04:57.628  render           | Fra: 63 | Mem: 0M | Synchronizing object | Orbita principal
04:57.628  render           | Fra: 63 | Mem: 0M | Synchronizing object | Arco mineral
04:57.628  render           | Fra: 63 | Mem: 0M | Synchronizing object | Cyan
04:57.628  render           | Fra: 63 | Mem: 0M | Synchronizing object | Key
04:57.628  render           | Fra: 63 | Mem: 0M | Synchronizing object | Plane
04:57.628  render           | Fra: 63 | Mem: 0M | Initializing
04:57.628  render           | Fra: 63 | Mem: 0M | Waiting for render to start
04:57.628  render           | Fra: 63 | Mem: 0M | Updating Scene
04:57.628  render           | Fra: 63 | Mem: 0M | Updating Shaders
04:57.628  render           | Fra: 63 | Mem: 0M | Loading render kernels (may take a few minutes the first time)
04:57.628  render           | Fra: 63 | Mem: 1M | Updating Procedurals
04:57.628  render           | Fra: 63 | Mem: 1M | Updating Background
04:57.628  render           | Fra: 63 | Mem: 1M | Updating Scene Attribute
04:57.628  render           | Fra: 63 | Mem: 1M | Updating Camera
04:57.628  render           | Fra: 63 | Mem: 1M | Updating Meshes Flags
04:57.628  render           | Fra: 63 | Mem: 1M | Updating Objects
04:57.628  render           | Fra: 63 | Mem: 1M | Updating Objects | Copying Transformations to device
04:57.628  render           | Fra: 63 | Mem: 1M | Updating Particle Systems
04:57.628  render           | Fra: 63 | Mem: 1M | Updating Particle Systems | Copying Particles to device
04:57.628  render           | Fra: 63 | Mem: 1M | Updating Meshes
04:57.628  render           | Fra: 63 | Mem: 1M | Updating Objects | Applying Static Transformations
04:57.628  render           | Fra: 63 | Mem: 1M | Updating Scene BVH | Building
04:57.628  render           | Fra: 63 | Mem: 1M | Updating Scene BVH | Building BVH
04:57.629  render           | Fra: 63 | Mem: 1M | Updating Scene BVH | Building BVH 0%
04:57.631  render           | Fra: 63 | Mem: 1M | Updating Scene BVH | Copying BVH to device
04:57.631  render           | Fra: 63 | Mem: 1M | Updating Mesh | Computing attributes
04:57.631  render           | Fra: 63 | Mem: 1M | Updating Mesh | Copying Attributes to device
04:57.631  render           | Fra: 63 | Mem: 2M | Updating Mesh | Computing normals
04:57.631  render           | Fra: 63 | Mem: 2M | Updating Mesh | Copying Mesh to device
04:57.631  render           | Fra: 63 | Mem: 2M | Updating Objects Flags
04:57.631  render           | Fra: 63 | Mem: 2M | Updating Primitive Offsets
04:57.631  render           | Fra: 63 | Mem: 2M | Updating Images
04:57.631  render           | Fra: 63 | Mem: 2M | Updating Volume
04:57.631  render           | Fra: 63 | Mem: 2M | Updating Camera Volume
04:57.631  render           | Fra: 63 | Mem: 2M | Updating Lookup Tables
04:57.631  render           | Fra: 63 | Mem: 2M | Updating Lights
04:57.631  render           | Fra: 63 | Mem: 2M | Updating Lights | Computing tree
04:57.631  render           | Fra: 63 | Mem: 2M | Updating Integrator
04:57.631  render           | Fra: 63 | Mem: 2M | Updating Film
04:57.631  render           | Fra: 63 | Mem: 2M | Updating Lookup Tables
04:57.631  render           | Fra: 63 | Mem: 2M | Updating Baking
04:57.631  render           | Fra: 63 | Mem: 2M | Updating Device | Writing constant memory
04:57.631  render           | Fra: 63 | Mem: 2M | Loading denoising kernels (may take a few minutes the first time)
04:57.631  render           | Fra: 63 | Mem: 2M | Sample 0/12
04:57.881  render           | Fra: 63 | Remaining: 00:02.74 | Mem: 26M | Sample 1/12
05:02.007  render           | Fra: 63 | Mem: 26M | Sample 12/12
05:02.007  render           | Fra: 63 | Mem: 26M | Finished
05:02.057  render           | Saved: '/home/ricardo/cvg-his-v4/docs/frontend/assets/video/frames/pulse-0063.png'
05:02.057  render           | Time: 00:04.43 (Saving: 00:00.02)
05:02.057  render           | Rendering frame 64
05:02.057  render           | Start rendering: Scene, ViewLayer
05:02.057  render           | Engine: Cycles
05:02.059  render           | Fra: 64 | Mem: 0M | Synchronizing object | Orbita principal
05:02.059  render           | Fra: 64 | Mem: 0M | Synchronizing object | Cyan
05:02.059  render           | Fra: 64 | Mem: 0M | Synchronizing object | Arco mineral
05:02.059  render           | Fra: 64 | Mem: 0M | Synchronizing object | Key
05:02.059  render           | Fra: 64 | Mem: 0M | Synchronizing object | Plane
05:02.059  render           | Fra: 64 | Mem: 0M | Initializing
05:02.059  render           | Fra: 64 | Mem: 0M | Waiting for render to start
05:02.059  render           | Fra: 64 | Mem: 0M | Updating Scene
05:02.059  render           | Fra: 64 | Mem: 0M | Updating Shaders
05:02.059  render           | Fra: 64 | Mem: 0M | Loading render kernels (may take a few minutes the first time)
05:02.059  render           | Fra: 64 | Mem: 1M | Updating Procedurals
05:02.059  render           | Fra: 64 | Mem: 1M | Updating Background
05:02.059  render           | Fra: 64 | Mem: 1M | Updating Scene Attribute
05:02.059  render           | Fra: 64 | Mem: 1M | Updating Camera
05:02.059  render           | Fra: 64 | Mem: 1M | Updating Meshes Flags
05:02.059  render           | Fra: 64 | Mem: 1M | Updating Objects
05:02.059  render           | Fra: 64 | Mem: 1M | Updating Objects | Copying Transformations to device
05:02.060  render           | Fra: 64 | Mem: 1M | Updating Particle Systems
05:02.060  render           | Fra: 64 | Mem: 1M | Updating Particle Systems | Copying Particles to device
05:02.060  render           | Fra: 64 | Mem: 1M | Updating Meshes
05:02.060  render           | Fra: 64 | Mem: 1M | Updating Objects | Applying Static Transformations
05:02.060  render           | Fra: 64 | Mem: 1M | Updating Scene BVH | Building
05:02.060  render           | Fra: 64 | Mem: 1M | Updating Scene BVH | Building BVH
05:02.060  render           | Fra: 64 | Mem: 1M | Updating Scene BVH | Building BVH 0%
05:02.062  render           | Fra: 64 | Mem: 1M | Updating Scene BVH | Copying BVH to device
05:02.062  render           | Fra: 64 | Mem: 1M | Updating Mesh | Computing attributes
05:02.062  render           | Fra: 64 | Mem: 1M | Updating Mesh | Copying Attributes to device
05:02.062  render           | Fra: 64 | Mem: 2M | Updating Mesh | Computing normals
05:02.062  render           | Fra: 64 | Mem: 2M | Updating Mesh | Copying Mesh to device
05:02.062  render           | Fra: 64 | Mem: 2M | Updating Objects Flags
05:02.062  render           | Fra: 64 | Mem: 2M | Updating Primitive Offsets
05:02.062  render           | Fra: 64 | Mem: 2M | Updating Images
05:02.062  render           | Fra: 64 | Mem: 2M | Updating Volume
05:02.062  render           | Fra: 64 | Mem: 2M | Updating Camera Volume
05:02.062  render           | Fra: 64 | Mem: 2M | Updating Lookup Tables
05:02.062  render           | Fra: 64 | Mem: 2M | Updating Lights
05:02.062  render           | Fra: 64 | Mem: 2M | Updating Lights | Computing tree
05:02.062  render           | Fra: 64 | Mem: 2M | Updating Integrator
05:02.062  render           | Fra: 64 | Mem: 2M | Updating Film
05:02.062  render           | Fra: 64 | Mem: 2M | Updating Lookup Tables
05:02.062  render           | Fra: 64 | Mem: 2M | Updating Baking
05:02.062  render           | Fra: 64 | Mem: 2M | Updating Device | Writing constant memory
05:02.062  render           | Fra: 64 | Mem: 2M | Loading denoising kernels (may take a few minutes the first time)
05:02.062  render           | Fra: 64 | Mem: 2M | Sample 0/12
05:02.210  render           | Fra: 64 | Remaining: 00:01.62 | Mem: 26M | Sample 1/12
05:06.924  render           | Fra: 64 | Mem: 26M | Sample 12/12
05:06.924  render           | Fra: 64 | Mem: 26M | Finished
05:07.010  render           | Saved: '/home/ricardo/cvg-his-v4/docs/frontend/assets/video/frames/pulse-0064.png'
05:07.010  render           | Time: 00:04.95 (Saving: 00:00.04)
05:07.010  render           | Rendering frame 65
05:07.010  render           | Start rendering: Scene, ViewLayer
05:07.010  render           | Engine: Cycles
05:07.014  render           | Fra: 65 | Mem: 0M | Synchronizing object | Orbita principal
05:07.014  render           | Fra: 65 | Mem: 0M | Synchronizing object | Detalhe champagne
05:07.014  render           | Fra: 65 | Mem: 0M | Synchronizing object | Cyan
05:07.014  render           | Fra: 65 | Mem: 0M | Synchronizing object | Plane
05:07.014  render           | Fra: 65 | Mem: 0M | Synchronizing object | Key
05:07.014  render           | Fra: 65 | Mem: 0M | Initializing
05:07.015  render           | Fra: 65 | Mem: 0M | Waiting for render to start
05:07.015  render           | Fra: 65 | Mem: 0M | Updating Scene
05:07.015  render           | Fra: 65 | Mem: 0M | Updating Shaders
05:07.015  render           | Fra: 65 | Mem: 0M | Loading render kernels (may take a few minutes the first time)
05:07.015  render           | Fra: 65 | Mem: 1M | Updating Procedurals
05:07.015  render           | Fra: 65 | Mem: 1M | Updating Background
05:07.015  render           | Fra: 65 | Mem: 1M | Updating Scene Attribute
05:07.015  render           | Fra: 65 | Mem: 1M | Updating Camera
05:07.015  render           | Fra: 65 | Mem: 1M | Updating Meshes Flags
05:07.015  render           | Fra: 65 | Mem: 1M | Updating Objects
05:07.015  render           | Fra: 65 | Mem: 1M | Updating Objects | Copying Transformations to device
05:07.015  render           | Fra: 65 | Mem: 1M | Updating Particle Systems
05:07.015  render           | Fra: 65 | Mem: 1M | Updating Particle Systems | Copying Particles to device
05:07.015  render           | Fra: 65 | Mem: 1M | Updating Meshes
05:07.015  render           | Fra: 65 | Mem: 1M | Updating Objects | Applying Static Transformations
05:07.015  render           | Fra: 65 | Mem: 1M | Updating Scene BVH | Building
05:07.015  render           | Fra: 65 | Mem: 1M | Updating Scene BVH | Building BVH
05:07.015  render           | Fra: 65 | Mem: 1M | Updating Scene BVH | Building BVH 0%
05:07.019  render           | Fra: 65 | Mem: 1M | Updating Scene BVH | Copying BVH to device
05:07.019  render           | Fra: 65 | Mem: 1M | Updating Mesh | Computing attributes
05:07.019  render           | Fra: 65 | Mem: 1M | Updating Mesh | Copying Attributes to device
05:07.019  render           | Fra: 65 | Mem: 2M | Updating Mesh | Computing normals
05:07.019  render           | Fra: 65 | Mem: 2M | Updating Mesh | Copying Mesh to device
05:07.019  render           | Fra: 65 | Mem: 2M | Updating Objects Flags
05:07.019  render           | Fra: 65 | Mem: 2M | Updating Primitive Offsets
05:07.019  render           | Fra: 65 | Mem: 2M | Updating Images
05:07.019  render           | Fra: 65 | Mem: 2M | Updating Volume
05:07.019  render           | Fra: 65 | Mem: 2M | Updating Camera Volume
05:07.019  render           | Fra: 65 | Mem: 2M | Updating Lookup Tables
05:07.019  render           | Fra: 65 | Mem: 2M | Updating Lights
05:07.019  render           | Fra: 65 | Mem: 2M | Updating Lights | Computing tree
05:07.020  render           | Fra: 65 | Mem: 2M | Updating Integrator
05:07.020  render           | Fra: 65 | Mem: 2M | Updating Film
05:07.020  render           | Fra: 65 | Mem: 2M | Updating Lookup Tables
05:07.020  render           | Fra: 65 | Mem: 2M | Updating Baking
05:07.020  render           | Fra: 65 | Mem: 2M | Updating Device | Writing constant memory
05:07.020  render           | Fra: 65 | Mem: 2M | Loading denoising kernels (may take a few minutes the first time)
05:07.020  render           | Fra: 65 | Mem: 2M | Sample 0/12
05:07.265  render           | Fra: 65 | Remaining: 00:02.69 | Mem: 26M | Sample 1/12
05:11.023  render           | Fra: 65 | Mem: 26M | Sample 12/12
05:11.023  render           | Fra: 65 | Mem: 26M | Finished
05:11.097  render           | Saved: '/home/ricardo/cvg-his-v4/docs/frontend/assets/video/frames/pulse-0065.png'
05:11.097  render           | Time: 00:04.08 (Saving: 00:00.03)
05:11.097  render           | Rendering frame 66
05:11.098  render           | Start rendering: Scene, ViewLayer
05:11.098  render           | Engine: Cycles
05:11.100  render           | Fra: 66 | Mem: 0M | Synchronizing object | Orbita principal
05:11.100  render           | Fra: 66 | Mem: 0M | Synchronizing object | Plane
05:11.100  render           | Fra: 66 | Mem: 0M | Synchronizing object | Key
05:11.100  render           | Fra: 66 | Mem: 0M | Initializing
05:11.101  render           | Fra: 66 | Mem: 0M | Waiting for render to start
05:11.101  render           | Fra: 66 | Mem: 0M | Updating Scene
05:11.101  render           | Fra: 66 | Mem: 0M | Updating Shaders
05:11.101  render           | Fra: 66 | Mem: 0M | Loading render kernels (may take a few minutes the first time)
05:11.101  render           | Fra: 66 | Mem: 1M | Updating Procedurals
05:11.101  render           | Fra: 66 | Mem: 1M | Updating Background
05:11.101  render           | Fra: 66 | Mem: 1M | Updating Scene Attribute
05:11.101  render           | Fra: 66 | Mem: 1M | Updating Camera
05:11.101  render           | Fra: 66 | Mem: 1M | Updating Meshes Flags
05:11.101  render           | Fra: 66 | Mem: 1M | Updating Objects
05:11.101  render           | Fra: 66 | Mem: 1M | Updating Objects | Copying Transformations to device
05:11.101  render           | Fra: 66 | Mem: 1M | Updating Particle Systems
05:11.101  render           | Fra: 66 | Mem: 1M | Updating Particle Systems | Copying Particles to device
05:11.101  render           | Fra: 66 | Mem: 1M | Updating Meshes
05:11.101  render           | Fra: 66 | Mem: 1M | Updating Objects | Applying Static Transformations
05:11.101  render           | Fra: 66 | Mem: 1M | Updating Scene BVH | Building
05:11.101  render           | Fra: 66 | Mem: 1M | Updating Scene BVH | Building BVH
05:11.101  render           | Fra: 66 | Mem: 1M | Updating Scene BVH | Building BVH 0%
05:11.105  render           | Fra: 66 | Mem: 1M | Updating Scene BVH | Copying BVH to device
05:11.105  render           | Fra: 66 | Mem: 1M | Updating Mesh | Computing attributes
05:11.105  render           | Fra: 66 | Mem: 1M | Updating Mesh | Copying Attributes to device
05:11.105  render           | Fra: 66 | Mem: 2M | Updating Mesh | Computing normals
05:11.105  render           | Fra: 66 | Mem: 2M | Updating Mesh | Copying Mesh to device
05:11.105  render           | Fra: 66 | Mem: 2M | Updating Objects Flags
05:11.105  render           | Fra: 66 | Mem: 2M | Updating Primitive Offsets
05:11.105  render           | Fra: 66 | Mem: 2M | Updating Images
05:11.105  render           | Fra: 66 | Mem: 2M | Updating Volume
05:11.105  render           | Fra: 66 | Mem: 2M | Updating Camera Volume
05:11.105  render           | Fra: 66 | Mem: 2M | Updating Lookup Tables
05:11.105  render           | Fra: 66 | Mem: 2M | Updating Lights
05:11.105  render           | Fra: 66 | Mem: 2M | Updating Lights | Computing tree
05:11.105  render           | Fra: 66 | Mem: 2M | Updating Integrator
05:11.105  render           | Fra: 66 | Mem: 2M | Updating Film
05:11.105  render           | Fra: 66 | Mem: 2M | Updating Lookup Tables
05:11.105  render           | Fra: 66 | Mem: 2M | Updating Baking
05:11.105  render           | Fra: 66 | Mem: 2M | Updating Device | Writing constant memory
05:11.105  render           | Fra: 66 | Mem: 2M | Loading denoising kernels (may take a few minutes the first time)
05:11.105  render           | Fra: 66 | Mem: 2M | Sample 0/12
05:11.345  render           | Fra: 66 | Remaining: 00:02.63 | Mem: 26M | Sample 1/12
05:15.380  render           | Fra: 66 | Mem: 26M | Sample 12/12
05:15.380  render           | Fra: 66 | Mem: 26M | Finished
05:15.447  render           | Saved: '/home/ricardo/cvg-his-v4/docs/frontend/assets/video/frames/pulse-0066.png'
05:15.447  render           | Time: 00:04.34 (Saving: 00:00.03)
05:15.447  render           | Rendering frame 67
05:15.447  render           | Start rendering: Scene, ViewLayer
05:15.447  render           | Engine: Cycles
05:15.450  render           | Fra: 67 | Mem: 0M | Synchronizing object | Orbita principal
05:15.450  render           | Fra: 67 | Mem: 0M | Synchronizing object | Arco mineral
05:15.450  render           | Fra: 67 | Mem: 0M | Synchronizing object | Cyan
05:15.450  render           | Fra: 67 | Mem: 0M | Synchronizing object | Key
05:15.450  render           | Fra: 67 | Mem: 0M | Synchronizing object | Plane
05:15.450  render           | Fra: 67 | Mem: 0M | Synchronizing object | Detalhe champagne
05:15.450  render           | Fra: 67 | Mem: 0M | Initializing
05:15.451  render           | Fra: 67 | Mem: 0M | Waiting for render to start
05:15.451  render           | Fra: 67 | Mem: 0M | Updating Scene
05:15.451  render           | Fra: 67 | Mem: 0M | Updating Shaders
05:15.451  render           | Fra: 67 | Mem: 0M | Loading render kernels (may take a few minutes the first time)
05:15.451  render           | Fra: 67 | Mem: 1M | Updating Procedurals
05:15.451  render           | Fra: 67 | Mem: 1M | Updating Background
05:15.451  render           | Fra: 67 | Mem: 1M | Updating Scene Attribute
05:15.451  render           | Fra: 67 | Mem: 1M | Updating Camera
05:15.451  render           | Fra: 67 | Mem: 1M | Updating Meshes Flags
05:15.451  render           | Fra: 67 | Mem: 1M | Updating Objects
05:15.451  render           | Fra: 67 | Mem: 1M | Updating Objects | Copying Transformations to device
05:15.451  render           | Fra: 67 | Mem: 1M | Updating Particle Systems
05:15.451  render           | Fra: 67 | Mem: 1M | Updating Particle Systems | Copying Particles to device
05:15.451  render           | Fra: 67 | Mem: 1M | Updating Meshes
05:15.451  render           | Fra: 67 | Mem: 1M | Updating Objects | Applying Static Transformations
05:15.451  render           | Fra: 67 | Mem: 1M | Updating Scene BVH | Building
05:15.451  render           | Fra: 67 | Mem: 1M | Updating Scene BVH | Building BVH
05:15.451  render           | Fra: 67 | Mem: 1M | Updating Scene BVH | Building BVH 0%
05:15.455  render           | Fra: 67 | Mem: 1M | Updating Scene BVH | Copying BVH to device
05:15.455  render           | Fra: 67 | Mem: 1M | Updating Mesh | Computing attributes
05:15.455  render           | Fra: 67 | Mem: 1M | Updating Mesh | Copying Attributes to device
05:15.455  render           | Fra: 67 | Mem: 2M | Updating Mesh | Computing normals
05:15.455  render           | Fra: 67 | Mem: 2M | Updating Mesh | Copying Mesh to device
05:15.455  render           | Fra: 67 | Mem: 2M | Updating Objects Flags
05:15.455  render           | Fra: 67 | Mem: 2M | Updating Primitive Offsets
05:15.455  render           | Fra: 67 | Mem: 2M | Updating Images
05:15.455  render           | Fra: 67 | Mem: 2M | Updating Volume
05:15.455  render           | Fra: 67 | Mem: 2M | Updating Camera Volume
05:15.455  render           | Fra: 67 | Mem: 2M | Updating Lookup Tables
05:15.455  render           | Fra: 67 | Mem: 2M | Updating Lights
05:15.455  render           | Fra: 67 | Mem: 2M | Updating Lights | Computing tree
05:15.455  render           | Fra: 67 | Mem: 2M | Updating Integrator
05:15.455  render           | Fra: 67 | Mem: 2M | Updating Film
05:15.455  render           | Fra: 67 | Mem: 2M | Updating Lookup Tables
05:15.455  render           | Fra: 67 | Mem: 2M | Updating Baking
05:15.455  render           | Fra: 67 | Mem: 2M | Updating Device | Writing constant memory
05:15.455  render           | Fra: 67 | Mem: 2M | Loading denoising kernels (may take a few minutes the first time)
05:15.455  render           | Fra: 67 | Mem: 2M | Sample 0/12
05:15.720  render           | Fra: 67 | Remaining: 00:02.90 | Mem: 26M | Sample 1/12
05:19.991  render           | Fra: 67 | Mem: 26M | Sample 12/12
05:19.991  render           | Fra: 67 | Mem: 26M | Finished
05:20.068  render           | Saved: '/home/ricardo/cvg-his-v4/docs/frontend/assets/video/frames/pulse-0067.png'
05:20.068  render           | Time: 00:04.62 (Saving: 00:00.04)
05:20.068  render           | Rendering frame 68
05:20.068  render           | Start rendering: Scene, ViewLayer
05:20.068  render           | Engine: Cycles
05:20.071  render           | Fra: 68 | Mem: 0M | Synchronizing object | Orbita principal
05:20.071  render           | Fra: 68 | Mem: 0M | Synchronizing object | Cyan
05:20.071  render           | Fra: 68 | Mem: 0M | Synchronizing object | Plane
05:20.071  render           | Fra: 68 | Mem: 0M | Synchronizing object | Key
05:20.071  render           | Fra: 68 | Mem: 0M | Initializing
05:20.071  render           | Fra: 68 | Mem: 0M | Waiting for render to start
05:20.071  render           | Fra: 68 | Mem: 0M | Updating Scene
05:20.071  render           | Fra: 68 | Mem: 0M | Updating Shaders
05:20.071  render           | Fra: 68 | Mem: 0M | Loading render kernels (may take a few minutes the first time)
05:20.072  render           | Fra: 68 | Mem: 1M | Updating Procedurals
05:20.072  render           | Fra: 68 | Mem: 1M | Updating Background
05:20.072  render           | Fra: 68 | Mem: 1M | Updating Scene Attribute
05:20.072  render           | Fra: 68 | Mem: 1M | Updating Camera
05:20.072  render           | Fra: 68 | Mem: 1M | Updating Meshes Flags
05:20.072  render           | Fra: 68 | Mem: 1M | Updating Objects
05:20.072  render           | Fra: 68 | Mem: 1M | Updating Objects | Copying Transformations to device
05:20.072  render           | Fra: 68 | Mem: 1M | Updating Particle Systems
05:20.072  render           | Fra: 68 | Mem: 1M | Updating Particle Systems | Copying Particles to device
05:20.072  render           | Fra: 68 | Mem: 1M | Updating Meshes
05:20.072  render           | Fra: 68 | Mem: 1M | Updating Objects | Applying Static Transformations
05:20.072  render           | Fra: 68 | Mem: 1M | Updating Scene BVH | Building
05:20.072  render           | Fra: 68 | Mem: 1M | Updating Scene BVH | Building BVH
05:20.072  render           | Fra: 68 | Mem: 1M | Updating Scene BVH | Building BVH 0%
05:20.075  render           | Fra: 68 | Mem: 1M | Updating Scene BVH | Copying BVH to device
05:20.075  render           | Fra: 68 | Mem: 1M | Updating Mesh | Computing attributes
05:20.075  render           | Fra: 68 | Mem: 1M | Updating Mesh | Copying Attributes to device
05:20.075  render           | Fra: 68 | Mem: 2M | Updating Mesh | Computing normals
05:20.075  render           | Fra: 68 | Mem: 2M | Updating Mesh | Copying Mesh to device
05:20.075  render           | Fra: 68 | Mem: 2M | Updating Objects Flags
05:20.075  render           | Fra: 68 | Mem: 2M | Updating Primitive Offsets
05:20.075  render           | Fra: 68 | Mem: 2M | Updating Images
05:20.075  render           | Fra: 68 | Mem: 2M | Updating Volume
05:20.075  render           | Fra: 68 | Mem: 2M | Updating Camera Volume
05:20.075  render           | Fra: 68 | Mem: 2M | Updating Lookup Tables
05:20.075  render           | Fra: 68 | Mem: 2M | Updating Lights
05:20.075  render           | Fra: 68 | Mem: 2M | Updating Lights | Computing tree
05:20.075  render           | Fra: 68 | Mem: 2M | Updating Integrator
05:20.075  render           | Fra: 68 | Mem: 2M | Updating Film
05:20.075  render           | Fra: 68 | Mem: 2M | Updating Lookup Tables
05:20.075  render           | Fra: 68 | Mem: 2M | Updating Baking
05:20.075  render           | Fra: 68 | Mem: 2M | Updating Device | Writing constant memory
05:20.075  render           | Fra: 68 | Mem: 2M | Loading denoising kernels (may take a few minutes the first time)
05:20.075  render           | Fra: 68 | Mem: 2M | Sample 0/12
05:20.304  render           | Fra: 68 | Remaining: 00:02.51 | Mem: 26M | Sample 1/12
05:23.989  render           | Fra: 68 | Mem: 26M | Sample 12/12
05:23.989  render           | Fra: 68 | Mem: 26M | Finished
05:24.042  render           | Saved: '/home/ricardo/cvg-his-v4/docs/frontend/assets/video/frames/pulse-0068.png'
05:24.042  render           | Time: 00:03.97 (Saving: 00:00.03)
05:24.042  render           | Rendering frame 69
05:24.042  render           | Start rendering: Scene, ViewLayer
05:24.042  render           | Engine: Cycles
05:24.044  render           | Fra: 69 | Mem: 0M | Synchronizing object | Orbita principal
05:24.044  render           | Fra: 69 | Mem: 0M | Synchronizing object | Arco mineral
05:24.044  render           | Fra: 69 | Mem: 0M | Synchronizing object | Key
05:24.044  render           | Fra: 69 | Mem: 0M | Synchronizing object | Plane
05:24.044  render           | Fra: 69 | Mem: 0M | Synchronizing object | Detalhe champagne
05:24.044  render           | Fra: 69 | Mem: 0M | Initializing
05:24.044  render           | Fra: 69 | Mem: 0M | Waiting for render to start
05:24.044  render           | Fra: 69 | Mem: 0M | Updating Scene
05:24.044  render           | Fra: 69 | Mem: 0M | Updating Shaders
05:24.044  render           | Fra: 69 | Mem: 0M | Loading render kernels (may take a few minutes the first time)
05:24.044  render           | Fra: 69 | Mem: 1M | Updating Procedurals
05:24.044  render           | Fra: 69 | Mem: 1M | Updating Background
05:24.044  render           | Fra: 69 | Mem: 1M | Updating Scene Attribute
05:24.044  render           | Fra: 69 | Mem: 1M | Updating Camera
05:24.044  render           | Fra: 69 | Mem: 1M | Updating Meshes Flags
05:24.044  render           | Fra: 69 | Mem: 1M | Updating Objects
05:24.044  render           | Fra: 69 | Mem: 1M | Updating Objects | Copying Transformations to device
05:24.044  render           | Fra: 69 | Mem: 1M | Updating Particle Systems
05:24.044  render           | Fra: 69 | Mem: 1M | Updating Particle Systems | Copying Particles to device
05:24.044  render           | Fra: 69 | Mem: 1M | Updating Meshes
05:24.044  render           | Fra: 69 | Mem: 1M | Updating Objects | Applying Static Transformations
05:24.045  render           | Fra: 69 | Mem: 1M | Updating Scene BVH | Building
05:24.045  render           | Fra: 69 | Mem: 1M | Updating Scene BVH | Building BVH
05:24.045  render           | Fra: 69 | Mem: 1M | Updating Scene BVH | Building BVH 0%
05:24.047  render           | Fra: 69 | Mem: 1M | Updating Scene BVH | Copying BVH to device
05:24.047  render           | Fra: 69 | Mem: 1M | Updating Mesh | Computing attributes
05:24.047  render           | Fra: 69 | Mem: 1M | Updating Mesh | Copying Attributes to device
05:24.047  render           | Fra: 69 | Mem: 2M | Updating Mesh | Computing normals
05:24.047  render           | Fra: 69 | Mem: 2M | Updating Mesh | Copying Mesh to device
05:24.047  render           | Fra: 69 | Mem: 2M | Updating Objects Flags
05:24.047  render           | Fra: 69 | Mem: 2M | Updating Primitive Offsets
05:24.047  render           | Fra: 69 | Mem: 2M | Updating Images
05:24.047  render           | Fra: 69 | Mem: 2M | Updating Volume
05:24.047  render           | Fra: 69 | Mem: 2M | Updating Camera Volume
05:24.047  render           | Fra: 69 | Mem: 2M | Updating Lookup Tables
05:24.047  render           | Fra: 69 | Mem: 2M | Updating Lights
05:24.047  render           | Fra: 69 | Mem: 2M | Updating Lights | Computing tree
05:24.048  render           | Fra: 69 | Mem: 2M | Updating Integrator
05:24.048  render           | Fra: 69 | Mem: 2M | Updating Film
05:24.048  render           | Fra: 69 | Mem: 2M | Updating Lookup Tables
05:24.048  render           | Fra: 69 | Mem: 2M | Updating Baking
05:24.048  render           | Fra: 69 | Mem: 2M | Updating Device | Writing constant memory
05:24.048  render           | Fra: 69 | Mem: 2M | Loading denoising kernels (may take a few minutes the first time)
05:24.048  render           | Fra: 69 | Mem: 2M | Sample 0/12
05:24.283  render           | Fra: 69 | Remaining: 00:02.58 | Mem: 26M | Sample 1/12
05:28.320  render           | Fra: 69 | Mem: 26M | Sample 12/12
05:28.320  render           | Fra: 69 | Mem: 26M | Finished
05:28.406  render           | Saved: '/home/ricardo/cvg-his-v4/docs/frontend/assets/video/frames/pulse-0069.png'
05:28.406  render           | Time: 00:04.36 (Saving: 00:00.04)
05:28.406  render           | Rendering frame 70
05:28.406  render           | Start rendering: Scene, ViewLayer
05:28.406  render           | Engine: Cycles
05:28.410  render           | Fra: 70 | Mem: 0M | Synchronizing object | Orbita principal
05:28.410  render           | Fra: 70 | Mem: 0M | Synchronizing object | Arco mineral
05:28.410  render           | Fra: 70 | Mem: 0M | Synchronizing object | Cyan
05:28.410  render           | Fra: 70 | Mem: 0M | Synchronizing object | Key
05:28.410  render           | Fra: 70 | Mem: 0M | Synchronizing object | Plane
05:28.410  render           | Fra: 70 | Mem: 0M | Synchronizing object | Detalhe champagne
05:28.410  render           | Fra: 70 | Mem: 0M | Initializing
05:28.411  render           | Fra: 70 | Mem: 0M | Waiting for render to start
05:28.411  render           | Fra: 70 | Mem: 0M | Updating Scene
05:28.411  render           | Fra: 70 | Mem: 0M | Updating Shaders
05:28.411  render           | Fra: 70 | Mem: 0M | Loading render kernels (may take a few minutes the first time)
05:28.411  render           | Fra: 70 | Mem: 1M | Updating Procedurals
05:28.411  render           | Fra: 70 | Mem: 1M | Updating Background
05:28.411  render           | Fra: 70 | Mem: 1M | Updating Scene Attribute
05:28.411  render           | Fra: 70 | Mem: 1M | Updating Camera
05:28.411  render           | Fra: 70 | Mem: 1M | Updating Meshes Flags
05:28.411  render           | Fra: 70 | Mem: 1M | Updating Objects
05:28.411  render           | Fra: 70 | Mem: 1M | Updating Objects | Copying Transformations to device
05:28.411  render           | Fra: 70 | Mem: 1M | Updating Particle Systems
05:28.411  render           | Fra: 70 | Mem: 1M | Updating Particle Systems | Copying Particles to device
05:28.411  render           | Fra: 70 | Mem: 1M | Updating Meshes
05:28.411  render           | Fra: 70 | Mem: 1M | Updating Objects | Applying Static Transformations
05:28.412  render           | Fra: 70 | Mem: 1M | Updating Scene BVH | Building
05:28.412  render           | Fra: 70 | Mem: 1M | Updating Scene BVH | Building BVH
05:28.412  render           | Fra: 70 | Mem: 1M | Updating Scene BVH | Building BVH 0%
05:28.415  render           | Fra: 70 | Mem: 1M | Updating Scene BVH | Copying BVH to device
05:28.415  render           | Fra: 70 | Mem: 1M | Updating Mesh | Computing attributes
05:28.416  render           | Fra: 70 | Mem: 1M | Updating Mesh | Copying Attributes to device
05:28.416  render           | Fra: 70 | Mem: 2M | Updating Mesh | Computing normals
05:28.416  render           | Fra: 70 | Mem: 2M | Updating Mesh | Copying Mesh to device
05:28.416  render           | Fra: 70 | Mem: 2M | Updating Objects Flags
05:28.416  render           | Fra: 70 | Mem: 2M | Updating Primitive Offsets
05:28.416  render           | Fra: 70 | Mem: 2M | Updating Images
05:28.416  render           | Fra: 70 | Mem: 2M | Updating Volume
05:28.416  render           | Fra: 70 | Mem: 2M | Updating Camera Volume
05:28.416  render           | Fra: 70 | Mem: 2M | Updating Lookup Tables
05:28.416  render           | Fra: 70 | Mem: 2M | Updating Lights
05:28.416  render           | Fra: 70 | Mem: 2M | Updating Lights | Computing tree
05:28.416  render           | Fra: 70 | Mem: 2M | Updating Integrator
05:28.416  render           | Fra: 70 | Mem: 2M | Updating Film
05:28.416  render           | Fra: 70 | Mem: 2M | Updating Lookup Tables
05:28.416  render           | Fra: 70 | Mem: 2M | Updating Baking
05:28.416  render           | Fra: 70 | Mem: 2M | Updating Device | Writing constant memory
05:28.416  render           | Fra: 70 | Mem: 2M | Loading denoising kernels (may take a few minutes the first time)
05:28.416  render           | Fra: 70 | Mem: 2M | Sample 0/12
05:28.653  render           | Fra: 70 | Remaining: 00:02.61 | Mem: 26M | Sample 1/12
05:32.265  render           | Fra: 70 | Mem: 26M | Sample 12/12
05:32.265  render           | Fra: 70 | Mem: 26M | Finished
05:32.330  render           | Saved: '/home/ricardo/cvg-his-v4/docs/frontend/assets/video/frames/pulse-0070.png'
05:32.330  render           | Time: 00:03.92 (Saving: 00:00.03)
05:32.330  render           | Rendering frame 71
05:32.331  render           | Start rendering: Scene, ViewLayer
05:32.331  render           | Engine: Cycles
05:32.333  render           | Fra: 71 | Mem: 0M | Synchronizing object | Orbita principal
05:32.333  render           | Fra: 71 | Mem: 0M | Synchronizing object | Detalhe champagne
05:32.333  render           | Fra: 71 | Mem: 0M | Synchronizing object | Plane
05:32.333  render           | Fra: 71 | Mem: 0M | Synchronizing object | Key
05:32.334  render           | Fra: 71 | Mem: 0M | Initializing
05:32.334  render           | Fra: 71 | Mem: 0M | Waiting for render to start
05:32.334  render           | Fra: 71 | Mem: 0M | Updating Scene
05:32.334  render           | Fra: 71 | Mem: 0M | Updating Shaders
05:32.334  render           | Fra: 71 | Mem: 0M | Loading render kernels (may take a few minutes the first time)
05:32.334  render           | Fra: 71 | Mem: 1M | Updating Procedurals
05:32.334  render           | Fra: 71 | Mem: 1M | Updating Background
05:32.334  render           | Fra: 71 | Mem: 1M | Updating Scene Attribute
05:32.334  render           | Fra: 71 | Mem: 1M | Updating Camera
05:32.334  render           | Fra: 71 | Mem: 1M | Updating Meshes Flags
05:32.334  render           | Fra: 71 | Mem: 1M | Updating Objects
05:32.334  render           | Fra: 71 | Mem: 1M | Updating Objects | Copying Transformations to device
05:32.334  render           | Fra: 71 | Mem: 1M | Updating Particle Systems
05:32.334  render           | Fra: 71 | Mem: 1M | Updating Particle Systems | Copying Particles to device
05:32.334  render           | Fra: 71 | Mem: 1M | Updating Meshes
05:32.334  render           | Fra: 71 | Mem: 1M | Updating Objects | Applying Static Transformations
05:32.335  render           | Fra: 71 | Mem: 1M | Updating Scene BVH | Building
05:32.335  render           | Fra: 71 | Mem: 1M | Updating Scene BVH | Building BVH
05:32.335  render           | Fra: 71 | Mem: 1M | Updating Scene BVH | Building BVH 0%
05:32.340  render           | Fra: 71 | Mem: 1M | Updating Scene BVH | Copying BVH to device
05:32.340  render           | Fra: 71 | Mem: 1M | Updating Mesh | Computing attributes
05:32.340  render           | Fra: 71 | Mem: 1M | Updating Mesh | Copying Attributes to device
05:32.340  render           | Fra: 71 | Mem: 2M | Updating Mesh | Computing normals
05:32.340  render           | Fra: 71 | Mem: 2M | Updating Mesh | Copying Mesh to device
05:32.340  render           | Fra: 71 | Mem: 2M | Updating Objects Flags
05:32.340  render           | Fra: 71 | Mem: 2M | Updating Primitive Offsets
05:32.340  render           | Fra: 71 | Mem: 2M | Updating Images
05:32.340  render           | Fra: 71 | Mem: 2M | Updating Volume
05:32.340  render           | Fra: 71 | Mem: 2M | Updating Camera Volume
05:32.340  render           | Fra: 71 | Mem: 2M | Updating Lookup Tables
05:32.340  render           | Fra: 71 | Mem: 2M | Updating Lights
05:32.340  render           | Fra: 71 | Mem: 2M | Updating Lights | Computing tree
05:32.340  render           | Fra: 71 | Mem: 2M | Updating Integrator
05:32.340  render           | Fra: 71 | Mem: 2M | Updating Film
05:32.340  render           | Fra: 71 | Mem: 2M | Updating Lookup Tables
05:32.340  render           | Fra: 71 | Mem: 2M | Updating Baking
05:32.340  render           | Fra: 71 | Mem: 2M | Updating Device | Writing constant memory
05:32.340  render           | Fra: 71 | Mem: 2M | Loading denoising kernels (may take a few minutes the first time)
05:32.340  render           | Fra: 71 | Mem: 2M | Sample 0/12
05:32.609  render           | Fra: 71 | Remaining: 00:02.95 | Mem: 26M | Sample 1/12
05:36.690  render           | Fra: 71 | Mem: 26M | Sample 12/12
05:36.690  render           | Fra: 71 | Mem: 26M | Finished
05:36.760  render           | Saved: '/home/ricardo/cvg-his-v4/docs/frontend/assets/video/frames/pulse-0071.png'
05:36.760  render           | Time: 00:04.43 (Saving: 00:00.03)
05:36.760  render           | Rendering frame 72
05:36.761  render           | Start rendering: Scene, ViewLayer
05:36.761  render           | Engine: Cycles
05:36.763  render           | Fra: 72 | Mem: 0M | Synchronizing object | Orbita principal
05:36.763  render           | Fra: 72 | Mem: 0M | Synchronizing object | Detalhe champagne
05:36.763  render           | Fra: 72 | Mem: 0M | Synchronizing object | Cyan
05:36.763  render           | Fra: 72 | Mem: 0M | Synchronizing object | Key
05:36.763  render           | Fra: 72 | Mem: 0M | Initializing
05:36.764  render           | Fra: 72 | Mem: 0M | Waiting for render to start
05:36.764  render           | Fra: 72 | Mem: 0M | Updating Scene
05:36.764  render           | Fra: 72 | Mem: 0M | Updating Shaders
05:36.764  render           | Fra: 72 | Mem: 0M | Loading render kernels (may take a few minutes the first time)
05:36.764  render           | Fra: 72 | Mem: 1M | Updating Procedurals
05:36.764  render           | Fra: 72 | Mem: 1M | Updating Background
05:36.764  render           | Fra: 72 | Mem: 1M | Updating Scene Attribute
05:36.764  render           | Fra: 72 | Mem: 1M | Updating Camera
05:36.764  render           | Fra: 72 | Mem: 1M | Updating Meshes Flags
05:36.764  render           | Fra: 72 | Mem: 1M | Updating Objects
05:36.764  render           | Fra: 72 | Mem: 1M | Updating Objects | Copying Transformations to device
05:36.764  render           | Fra: 72 | Mem: 1M | Updating Particle Systems
05:36.764  render           | Fra: 72 | Mem: 1M | Updating Particle Systems | Copying Particles to device
05:36.764  render           | Fra: 72 | Mem: 1M | Updating Meshes
05:36.764  render           | Fra: 72 | Mem: 1M | Updating Objects | Applying Static Transformations
05:36.764  render           | Fra: 72 | Mem: 1M | Updating Scene BVH | Building
05:36.764  render           | Fra: 72 | Mem: 1M | Updating Scene BVH | Building BVH
05:36.764  render           | Fra: 72 | Mem: 1M | Updating Scene BVH | Building BVH 0%
05:36.769  render           | Fra: 72 | Mem: 1M | Updating Scene BVH | Copying BVH to device
05:36.769  render           | Fra: 72 | Mem: 1M | Updating Mesh | Computing attributes
05:36.769  render           | Fra: 72 | Mem: 1M | Updating Mesh | Copying Attributes to device
05:36.769  render           | Fra: 72 | Mem: 2M | Updating Mesh | Computing normals
05:36.769  render           | Fra: 72 | Mem: 2M | Updating Mesh | Copying Mesh to device
05:36.769  render           | Fra: 72 | Mem: 2M | Updating Objects Flags
05:36.769  render           | Fra: 72 | Mem: 2M | Updating Primitive Offsets
05:36.769  render           | Fra: 72 | Mem: 2M | Updating Images
05:36.769  render           | Fra: 72 | Mem: 2M | Updating Volume
05:36.769  render           | Fra: 72 | Mem: 2M | Updating Camera Volume
05:36.769  render           | Fra: 72 | Mem: 2M | Updating Lookup Tables
05:36.769  render           | Fra: 72 | Mem: 2M | Updating Lights
05:36.769  render           | Fra: 72 | Mem: 2M | Updating Lights | Computing tree
05:36.769  render           | Fra: 72 | Mem: 2M | Updating Integrator
05:36.769  render           | Fra: 72 | Mem: 2M | Updating Film
05:36.769  render           | Fra: 72 | Mem: 2M | Updating Lookup Tables
05:36.769  render           | Fra: 72 | Mem: 2M | Updating Baking
05:36.769  render           | Fra: 72 | Mem: 2M | Updating Device | Writing constant memory
05:36.769  render           | Fra: 72 | Mem: 2M | Loading denoising kernels (may take a few minutes the first time)
05:36.769  render           | Fra: 72 | Mem: 2M | Sample 0/12
05:37.038  render           | Fra: 72 | Remaining: 00:02.95 | Mem: 26M | Sample 1/12
05:44.256  render           | Fra: 72 | Mem: 26M | Sample 12/12
05:44.257  render           | Fra: 72 | Mem: 26M | Finished
05:44.340  render           | Saved: '/home/ricardo/cvg-his-v4/docs/frontend/assets/video/frames/pulse-0072.png'
05:44.340  render           | Time: 00:07.57 (Saving: 00:00.04)

Blender quit
